first_name,last_name,email,gender,phone_number,country,city
M****,5f2c175332946bb3,m********@dailymail.co.uk,Female,6017560615.11,Finland,Nurmijärvi
F*****,7c171534e8b8e9aa,f**************@addtoany.com,Male,1305487956.03,Indonesia,Rawa Satu
A****,ea4ecf059e83865f,a******@php.net,Female,4150176225.01,China,Chatou
T******,91a8b9c9eb9b23c1,t********@e-recht24.de,Female,9402320193.54,Hong Kong,Yuen Long Kau Hui
E****,0cbe074931d2fb41,e**********@nytimes.com,Male,6648479519.61,Niger,Tahoua
C***,2823576859b5816a,c******@whitehouse.gov,Female,8378563377.42,Peru,Tamarindo
G*****,6fac4a34bd602f3e,g******@networksolutions.com,Male,4586391084.68,China,Hali
D**,9fce9cf5711fa333,d************@si.edu,Male,3987014008.85,Poland,Kutno
T****,94d2e0d674d8adf2,t********@canalblog.com,Male,8886992227.29,China,Jiangtun
G*******,dfbf2e88079e4688,g********@eepurl.com,Non-binary,9111639266.24,Czech Republic,Jirny
R******,b85e107486a651d4,r*********@qq.com,Female,1948332919.68,Kiribati,Tabwakea Village
K****,e30a6c28df86cacc,k*******@taobao.com,Male,6911274674.47,China,Qingkenpao
C******,e94c3132ca151b69,c******@domainmarket.com,Male,7193177020.01,France,Pont-Audemer
A*****,3761f59bd565a006,a*******@thetimes.co.uk,Male,6320871730.14,China,Yuxi
G***,a6bc6427187faf72,g*****@nyu.edu,Male,10130393432.18,Mexico,Ejidal
S*****,5dff4f3c70548d2d,s********@e-recht24.de,Female,3443642827.85,Czech Republic,Sadov
C****,b7071c123e7f4019,c*******@reverbnation.com,Male,2695821218.16,Portugal,Antas
V***,5ea8d87dd5fa8cb0,v****************@nhs.uk,Female,6530309157.94,Democratic Republic of the Congo,Mweka
J******,b9ae62ede2dad179,j*****@howstuffworks.com,Female,8270168775.28,Argentina,Morón
T******,c7455990030d346f,t*******@drupal.org,Male,2685323996.03,Serbia,Svilajnac
G***,7ab9ede5a4af4b3e,g********@t.co,Male,9740514057.86,China,Altan Emel
K**,a23911599c778111,k***********@apache.org,Female,7691589233.08,Philippines,Tayug
H******,7ab922df7ddcccd5,h********@icq.com,Male,2344342074.74,China,Toupi
G******,842dcbba9f7bb054,g*****@plala.or.jp,Male,6920701621.16,Brazil,Itapetininga
T*******,78c204b2a00b5dd2,t*******@ca.gov,Female,3808662496.77,Portugal,Lagoa
R*******,f8b030cd0a5d3c15,r********@ibm.com,Female,2444352737.72,Portugal,Olival
G*****,05e0e7e8b948805b,g********@spiegel.de,Male,5825161819.57,China,Haliut
R***,d32ccae80b603f20,r******@cbslocal.com,Male,2049058933.96,China,Dongmaku
P*****,478609a04e650e7e,p*********@bravesites.com,Male,5311650647.62,Thailand,Saba Yoi
R****,f96373f4f6372b4a,r********@msu.edu,Male,9320851429.2,Russia,Ladushkin
K****,90f5b61ab4767b69,k*********@mail.ru,Female,5909328639.71,China,Cuozheqiangma
K*****,31f7d6f5590bb8f1,k*****@sohu.com,Male,3521171498.11,China,Tangzhuang
R***,b81dcea54e40e006,r*******@chron.com,Female,7175488418.61,Indonesia,Werangere
P********,e2b43af0f9c68311,p*********@businesswire.com,Female,3758441482.09,Philippines,Margen
F****,b173c0060a5820b4,f********@un.org,Female,7262265453.22,Brazil,Parelhas
B****,bef76ceef13c421a,b*******@cloudflare.com,Female,8783201068.43,Brazil,Coruripe
M*******,b4db0d9367ac94a2,m*******@mail.ru,Female,9403488574.65,China,Qingguang
S**,904989c67e2857b5,s********@fema.gov,Male,3197955901.47,Argentina,General Pico
W********,19761843db2f132a,w********@google.co.uk,Female,9765589079.02,China,Moguqi
M***,9be340f7d7e98fac,m*********@devhub.com,Male,2037453046.19,Nigeria,Konkwesso
C****,e6f8e10b6f92c3b0,c*******@skyrock.com,Male,8139949546.78,Philippines,Pinamalayan
J******,818d715d2b86d441,j*********@webmd.com,Male,5260448147.76,Uzbekistan,Salor
G*****,70c3742f7e9a30c5,g************@rambler.ru,Female,4694410470.77,China,Yaqian
A****,2798238cf9433181,a******@networksolutions.com,Female,3436528829.48,Philippines,Dugongan
P******,d1a3673c3139e182,p**********@china.com.cn,Male,4063092747.57,Sweden,Åstorp
S*****,556a164b652f913d,s***********@craigslist.org,Male,3315279935.16,Senegal,Joal-Fadiout
B****,1d440164f8429efc,b*******@howstuffworks.com,Male,4613150831.92,France,Noyal-sur-Vilaine
A****,91f740dd2961f51b,a*********@networksolutions.com,Male,8848720904.17,Russia,Slyudyanka
C****,37d6041ae0cf6d26,c*******@cargocollective.com,Male,6768857328.47,France,Mitry-Mory
T******,79fac0e835e79a70,t**********@cisco.com,Male,1364238657.28,Guatemala,San Pedro Carchá
E****,78f2ab78ed314f02,e*********@youtu.be,Male,1350056490.83,Guatemala,Concepción
S******,5520c30d4d58f089,s*******@bloomberg.com,Non-binary,1314685724.33,Portugal,Ramalhal
R********,7098a02e5616b2a6,r***********@yale.edu,Female,2031300642.55,Ireland,Donabate
E****,af56f217aeb5123c,e*********@wikimedia.org,Male,1293805592.53,Greece,Eloúnda
K*****,9b88421e4e038de3,k*************@weebly.com,Genderfluid,5125038338.67,United States,Louisville
D****,4969ddd90131d4ef,d*********@ihg.com,Male,7518810499.88,Russia,Valerik
K*****,7df17b019f256cea,k******@spotify.com,Female,5818746286.59,Indonesia,Karangpawitan
E******,f50e4e23f078d282,e*********@pcworld.com,Female,4506165833.94,Poland,Tyszowce
E*****,a069e18df56fd7b0,e********@yelp.com,Male,8065471115.89,Japan,Suwa
P*****,23dd2e21a1bd47c8,p********@ft.com,Male,3939183670.71,China,Lingdi
A***,c7fda12f136cd415,a*******@tripadvisor.com,Female,8644794282.26,Poland,Rogowo
E*****,ea7b79dff25746ca,e********@gizmodo.com,Male,8706979346.05,Nigeria,Suya
W******,bd32f6cedb5fb7ae,w*******@wikia.com,Male,5997081707.61,China,Qijiazuo
E********,884b0f3b9daeb86d,e******@npr.org,Female,3077495645.45,China,Altunemil
A******,3527e2a37829369e,a********@webs.com,Non-binary,1686479067.05,China,Liudong
J*******,a6acc2a5473c3a5f,j************@example.com,Female,7743739362.52,Philippines,Bacuyangan
F*******,9b8c7d997e89515b,f********@w3.org,Male,1899555129.75,China,Erhe
T**,4c43784c930213ec,t**********@icio.us,Male,3864222038.63,China,Changhe
J***,c0af69872a0e6f29,j*******@tamu.edu,Male,7233313342.35,Russia,Otradnoye
W*****,6c98cf291f9731c3,w************@themeforest.net,Genderqueer,4404798068.66,Czech Republic,Hodkovičky
L******,71a803b5f5376b74,l*********@narod.ru,Female,4124936304.42,Lebanon,Sîr ed Danniyé
L****,4b61f7e825c91d2b,l*********@cafepress.com,Male,5611327158.3,Botswana,Botlhapatlou
W*****,706a2d12d2d67f08,w*********@imageshack.us,Female,5862174455.05,Oman,Bidbid
A******,e7596dea7e88a6ac,a***********@dropbox.com,Agender,6807307550.52,Sweden,Solna
M*******,9eb53f33f186ce3a,m********@patch.com,Male,1729802038.64,Czech Republic,Horní Libina
K******,3ea55ded9aca90a0,k********@mapy.cz,Female,1261930717.48,Russia,Nizhniy Dzhengutay
I****,04369a452591d6ad,i********@pagesperso-orange.fr,Male,2604482197.14,Sweden,Kvänum
L*****,c30092de2075f531,l*********@histats.com,Female,8822919096.63,Philippines,Atok
M********,93993b8be9a539f3,m*********@wisc.edu,Male,5795325100.62,Norway,Bergen
M***********,a2f002f1c496eea5,m*********@gov.uk,Female,5249770104.07,China,Shuangqiaoping
S****,ab8aca69201db7d2,s**********@altervista.org,Female,4549091787.1,Belarus,Khalopyenichy
B****,c8533711488cb44e,b*********@sitemeter.com,Agender,2104261866.86,Tanzania,Mlimba
S*******,6aed8812d68d8790,s*******@delicious.com,Female,2327009212.59,Venezuela,El Cafetal
F***,59a2cc047d2fb02d,f*********@1688.com,Male,7982875726.22,China,Taoxi
Q******,9fd263f4a8f6b1fe,q******@tripod.com,Male,7666906046.75,China,Lushan
S*****,87933e087ac5a2cd,s************@google.it,Female,4803499879.64,Philippines,Tambalisa
B*****,e9cab125b8d017dd,b************@dyndns.org,Female,3481551839.69,Indonesia,Nihaona
P***,9d43a0d2e470ebe7,p************@npr.org,Male,6610581872.99,Poland,Rogowo
H*****,d6ef9edd4cb03d12,h*********@ezinearticles.com,Male,8821990043.32,Argentina,Gobernador Ingeniero Valentín Virasoro
S******,dac31e1f2edc3ebc,s********@kickstarter.com,Female,9110116264.83,China,Zhoukou
E******,31d99d59f5489f17,e********@macromedia.com,Female,7576142712.24,South Korea,Chinju
M****,4c67430518c86677,m***********@networkadvertising.org,Female,7427876203.3,Philippines,Pulong Sampalok
K*****,d19347532e15c5e0,k*********@furl.net,Female,8578544284.62,Madagascar,Arivonimamo
J****,7496f4bdfe771b63,j***********@webnode.com,Male,4229043697.09,China,Zhexiao
C******,b2e905daff4515bd,c*******@japanpost.jp,Male,6741172303.14,Czech Republic,Srubec
K*****,dcb6583b6700cc7a,k********@boston.com,Bigender,1612294842.16,Mexico,San Antonio
G******,2332b6a0592e9513,g********@sina.com.cn,Male,4244948358.02,Syria,Satita
K***,6c1e723ed7b69ce9,k*******@macromedia.com,Male,7221583897.28,Sweden,Linköping
P*****,96856504376eea3e,p********@flavors.me,Female,8103802503.61,Indonesia,Rokem Barat
R****,9c4647b41b2a08b5,r********@telegraph.co.uk,Male,5533594308.0,Indonesia,Luan Balu
S********,f4fddf9a710e745e,s*******@acquirethisname.com,Male,1299705133.85,Canada,Ferme-Neuve
F*****,67a0a2cfadef39c0,f*********@timesonline.co.uk,Male,3707080737.22,Indonesia,Banjar Asahduren
K**,476cd4f7bbaac92f,k*******@e-recht24.de,Male,6160196974.32,China,Meijiang
C****,7ddaffc6698300e4,c********@weather.com,Male,8562186280.42,Indonesia,Jember
H*****,0abf836fbf3d50c5,h*************@feedburner.com,Male,6924921868.37,Poland,Wesoła
A*****,80f422e77a51c56c,a**************@aol.com,Male,6692245931.19,Slovenia,Gotovlje
T********,cfa72c3c7ca9c597,t*************@discovery.com,Male,6918675878.23,Canada,Alma
C******,778bb9d755a555ef,c********@msn.com,Male,3470210757.6,China,Xiayunling
C****,a08e996f5c6c6bef,c*******@feedburner.com,Male,6439284634.34,Palestinian Territory,‘Ibwayn
V*****,d009a44f185d4df9,v************@miitbeian.gov.cn,Male,7973770625.68,Portugal,Lamas
C********,b90e5510c7e1e65f,c*********@sitemeter.com,Female,6238056419.35,Brazil,Coxim
D******,d2927090f71f569e,d*********@nba.com,Male,1585112242.98,China,Huancheng
E*****,c0521ab76fc0d5da,e*******@1688.com,Female,7070373542.01,Nigeria,Bokani
E***,16a700c0fa743d47,e*********@oaic.gov.au,Male,8784023452.82,Portugal,Murça
K******,8f882b5ab9354a83,k*********@epa.gov,Female,1328325950.45,Poland,Kowala
M******,becd261e30067001,m***********@ow.ly,Female,2661817510.5,China,Banjing
C*******,c7bc0949aa066458,c**********@chron.com,Female,5387991944.97,Indonesia,Panghadangan
D****,e6fe446b178a4278,d*********@skyrock.com,Female,5796758957.39,Nigeria,Bauchi
L***,108a73f6799c8dd4,l**********@eventbrite.com,Female,6573432658.16,Rwanda,Nzega
L*****,505392abb9662353,l***********@usgs.gov,Male,4167640987.46,Falkland Islands,Stanley
M**********,dfb4622a7c4288ff,m*********@parallels.com,Female,4016901530.64,France,Belfort
T*****,d3fc0d948bd8121f,t**********@nps.gov,Female,7851114690.69,France,Montpellier
V*,e7856f2044726635,v********@nature.com,Female,1463757238.27,Indonesia,Tabanan
S******,f7e2c66044f8414b,s*******@ibm.com,Female,7778242246.96,Tanzania,Nkove
H******,fbcda89b9a7e894a,h*********@umich.edu,Male,3681073240.7,Colombia,Líbano
V****,995be068942c6bd8,v*********@tinyurl.com,Genderqueer,1085591945.97,Canada,Marieville
N****,8ac4d4740f82178d,n**********@jugem.jp,Female,1685647454.54,Israel,Sājūr
B***,27cdbccd0cb5a683,b***********@ustream.tv,Male,8465703853.44,Slovenia,Koroška Bela
P****,70f8c903ef058c94,p*********@wix.com,Female,6953357196.73,Poland,Węgry
A*****,2589a44e4255727d,a*******@jugem.jp,Female,8386434803.58,Brazil,Santa Maria
F*******,e20f696837e5fda6,f*************@netlog.com,Non-binary,1094192217.24,Russia,Strogino
O******,1e456ad85d0e2fd8,o************@huffingtonpost.com,Female,3406797161.42,Albania,Cukalat
M*****,74b35a6a1bc17164,m*********@instagram.com,Male,4458352099.88,Poland,Nowe Miasto
S***,c743bea47b7d56da,s*********@wunderground.com,Male,8858611509.62,Philippines,San Vicente
N****,de0e1783af5173fe,n**********@hostgator.com,Female,7798493544.54,Peru,Saño
H****,e4df2111bc3c48f5,h***********@mtv.com,Male,7543082175.3,China,Xieba
K****,634e73343a6e4504,k**********@vinaora.com,Female,7151298194.51,Vietnam,Thị Trấn Phước Bửu
L******,a8f9642c9fa00221,l**********@purevolume.com,Female,10133937294.22,Nepal,Banepa
J****,af072789e87d0242,j************@deliciousdays.com,Female,2654309065.85,Philippines,Irahuan
C*********,679946faad78f61c,c*********@technorati.com,Female,8747949306.0,France,Taverny
G***,fd163806cde9c3b7,g***********@utexas.edu,Male,4174978328.03,United States,Lincoln
K*****,12236e1bfaa01afc,k**********@ask.com,Male,5062716357.85,Paraguay,Villa Elisa
P****,26fc553a3c1c042a,p**********@instagram.com,Female,9314185063.45,United States,Fairbanks
R*****,0dd0af5a82e1fe55,r******@livejournal.com,Female,9439137854.27,Russia,Rutul
T*****,bc3f633d5962046f,t***********@columbia.edu,Non-binary,4735619277.59,China,Qilong
A*****,a8e35a141afe0337,a*******@blogger.com,Female,6083260459.64,Tanzania,Lindi
H****,226abfdc4731e987,h**********@ebay.com,Male,2916083573.74,Philippines,Buenlag
P***,e35dd1d9a4290de1,p********@youtu.be,Male,1301102896.1,China,Qiying
J***,f241f2dcec482bc6,j*******@walmart.com,Female,1404572492.5,China,Hengpi
M*****,e91b206c3ccb896e,m********@icio.us,Female,1063623647.07,Kenya,Maralal
H******,0f2717ecaa8e253f,h********@china.com.cn,Male,7815243102.0,Brazil,Itororó
W*****,b922919c653a3e42,w*********@odnoklassniki.ru,Male,5204829079.07,Spain,Toledo
P*****,1810b5bc80289bdc,p********@blog.com,Male,8956506102.38,Indonesia,Maronge
D******,f4b8c28dbec19e0d,d**********@apache.org,Female,8264497147.51,Philippines,Caronoan West
J*****,5dadbf53be3933bd,j**********@blogspot.com,Female,4735353057.38,Russia,Ivanishchi
T*****,7da150491281c73a,t***********@comsenz.com,Male,7398720737.37,Bulgaria,Berkovitsa
M*******,03988d194dbbc6d3,m*******@reference.com,Female,2289410521.73,Mauritius,Bambous Virieux
C*****,2ba4a7f748b09344,c********@nbcnews.com,Female,6490506662.01,Japan,Obanazawa
F********,041549d13e1b9163,f***********@yelp.com,Female,2280680910.79,France,Saint-Quentin-Fallavier
A*****,5d152efd8a3a570a,a**********@mit.edu,Female,3292688916.82,Indonesia,Ketara
K*****,0ae1c3ac322d82d8,k*********@wix.com,Male,9724620641.72,Portugal,Sezures
R****,0b5d7390ca5bef93,r**********@columbia.edu,Male,2634992517.19,Netherlands,Oss
O*****,3604e9d99ff66962,o*********@bloglovin.com,Female,4601754017.2,Slovenia,Lipovci
A*******,4aad8edf7ae9c6b8,a*********@behance.net,Female,2490115179.42,Japan,Hirara
D*******,40a0ac69120e8d88,d*********@mozilla.com,Female,8333046676.98,Vietnam,Chư Ty
S*******,4fc337666181c0be,s*******@discovery.com,Female,6727249539.46,Indonesia,Argasari
G****,00eb01e552e9db23,g***********@skype.com,Female,6881556553.0,Poland,Limanowa
S*****,3f223403e62b529b,s********@amazon.de,Female,5035712054.97,Brazil,Maracaju
A****,0a0ea880e974ccf4,a*********@bizjournals.com,Female,5496714390.05,Indonesia,Masjid
G*****,e40d5acd0b21e74e,g**********@macromedia.com,Polygender,6871486714.61,Argentina,Punta Alta
C*****,f8e2ef30432e4c4f,c************@yahoo.co.jp,Male,3212869989.46,China,Qingdao
U***,86334e3caac0a1e5,u*********@hud.gov,Female,3176462296.16,Sweden,Johanneshov
F*****,b1708572b85295b2,f*******@networkadvertising.org,Polygender,8815318523.26,Haiti,Gressier
M*******,9f2b5faa7b4a0482,m************@toplist.cz,Female,5722973154.3,Russia,Kunashak
D***,21685e99386e9e4a,d*********@washingtonpost.com,Male,2356384115.92,Faroe Islands,Argir
G**,1b20abc89d1042f0,g*******@prweb.com,Male,8063264859.63,Egypt,Al Qūşīyah
S******,24b543049a39ddb9,s*********@wunderground.com,Agender,4230938073.99,Portugal,Ferreiras
D***,e36ae5e4b88c75aa,d********@i2i.jp,Female,6034104478.67,Indonesia,Sukaraharja
E*****,8074598aa7ab094e,e**********@bbb.org,Female,9051051873.92,Uzbekistan,Quva
C*******,dd8fb4b9850cd583,c*********@netscape.com,Female,3176388333.59,South Sudan,Leer
H*****,6c3ef31c6914de47,h**********@free.fr,Male,7415804780.67,Bulgaria,Akhtopol
J********,81a3545aaa4da690,j**********@freewebs.com,Female,4226256319.6,China,Longxi
T*****,ad2cf8cab10ed2f3,t*******@umich.edu,Female,9013793494.56,United States,Memphis
L****,6c09abaebc722648,l**********@sogou.com,Female,2033722785.08,Ireland,Arklow
B*********,ea134e433994a1a6,b*********@unblog.fr,Female,2708256619.56,Indonesia,Curug
A*******,722b84aa2c4f6162,a*********@twitpic.com,Male,5268703623.88,Ecuador,Boca Suno
A****,d6162dea20197ff2,a******@wikimedia.org,Genderqueer,1871802426.9,Russia,Buzdyak
C*******,62b98afbbe501208,c*********@accuweather.com,Female,9300990953.99,Brazil,Timbó
C******,76405c14fbf60852,c*****@i2i.jp,Male,7160277274.23,Indonesia,Krajan
D******,93093690ca3ff133,d***********@last.fm,Male,6932167976.45,Portugal,Meruge
J***,d280d22f47f75d54,j*********@e-recht24.de,Male,4603284389.57,Kenya,Athi River
M******,e9ee29f6f2420fb5,m*******@ow.ly,Female,1372965352.06,Indonesia,Sidaharja
J*****,56bef9a98572be43,j**********@diigo.com,Female,3390809786.18,China,Paipu
C*****,04153994c91fa6c7,c************@yandex.ru,Male,8961842672.27,Canada,Kentville
W****,2b1e0d3dc6d0233d,w*********@businesswire.com,Male,4097363936.54,United States,Toledo
F*****,edc5e04e20d915ec,f********@usnews.com,Male,7466790886.34,Greece,Kyllíni
F***,557a3e9bb13e0b54,f*******@google.de,Female,3330102940.24,Sweden,Örebro
K****,7d2bd5582437bfb0,k******@soundcloud.com,Female,6121357490.84,Malaysia,Pulau Pinang
M********,b9c03ecf16624f8b,m*********@is.gd,Female,4337665206.97,Cuba,Jimaguayú
M*****,7d5eade6f2d56b97,m*************@fema.gov,Female,4868434281.47,Philippines,Malway
F*****,db79ef6da72d478f,f*******@ft.com,Female,7402674830.72,North Korea,Samho-rodongjagu
G***,f2778767241fbf89,g*********@xinhuanet.com,Polygender,7094984925.57,China,Banqiao
K*****,4bb9878f03975e28,k********@people.com.cn,Male,4471644772.12,Norway,Rennebu
T*******,dcb7cada812c8906,t******@dyndns.org,Female,9058045067.31,Norway,Tromsø
C*******,7ead66dc8d001f55,c********@wp.com,Female,9959522523.92,France,Saint-Jean-de-Védas
I***,72b2a22314d05986,i*********@google.pl,Female,3534547444.57,Finland,Alastaro
H***,cb94acdda0653072,h***********@qq.com,Male,3412003561.08,Azerbaijan,Mardakyany
D*****,a818e0d6440f51e4,d********@xinhuanet.com,Male,3360553943.72,Panama,Gómez
B****,92a7accc2f591153,b**********@diigo.com,Genderqueer,7212663006.19,Argentina,Villa Regina
M******,2998d1168e2d7e00,m**********@dell.com,Female,3035846072.02,Russia,Karagay
A******,7e0b7a468d5cbb31,a*******@imgur.com,Female,2885748025.89,Sweden,Alunda
I*****,2a596be4307ebbbe,i***********@unblog.fr,Genderqueer,6936314959.21,Colombia,Urrao
T******,2dffcd300dd1ebda,t***********@joomla.org,Female,4980287707.69,Egypt,Port Said
H******,5e5f950e5b78dc4a,h********@umich.edu,Female,7198709291.56,Sweden,Kristinehamn
N*****,efab6fd56b07192f,n**********@chronoengine.com,Female,2641134010.88,Norway,Fredrikstad
W*****,1e2129d186ba3ef5,w********@marriott.com,Genderqueer,9277839167.7,Japan,Naha-shi
G*****,3e9485e5bc80b080,g***********@so-net.ne.jp,Female,1738639869.93,France,Évry
M***,08af63103549d281,m********@barnesandnoble.com,Male,4184472477.88,China,Zhanjia
W******,dd774cb2bc6cd094,w*********@columbia.edu,Male,1125057670.67,Vietnam,Nhà Bè
R**,75ed1254203414f9,r**********@devhub.com,Agender,2688262593.16,Pakistan,Māmu Kānjan
D****,726f4574df4ffa03,d**********@cargocollective.com,Female,6567258562.89,China,Xijia
U****,5f959e89590856a0,u**********@xing.com,Male,5279307547.62,Brazil,Guaíba
M******,f9bfb92c28865894,m**********@sciencedirect.com,Female,9530477165.2,Bhutan,Tsimasham
K*****,5c4a86a81eca111d,k********@marriott.com,Female,1190483124.03,China,Taihu
C****,c721f9fce5bb5959,c********@marketwatch.com,Male,8951977572.77,Mexico,La Mesa
J*******,d4e11e7bb415c395,j*****@chicagotribune.com,Agender,8565785981.58,Argentina,Chilecito
S*****,a3fddfcf5c60c82e,s********@instagram.com,Female,9545938037.16,Russia,Lyalichi
H******,a101b56ea16d7e69,h*********@ed.gov,Male,3521427486.13,Isle of Man,Laxey
N***,ef1b4e8206c9bf1c,n*********@issuu.com,Male,8420388519.02,Portugal,Aldeia de Juzo
E*****,a041c5d791044669,e*********@goodreads.com,Male,3442221280.99,Japan,Hachiōji
D******,e0e327f81a138fdc,d********@plala.or.jp,Female,3399229280.35,Brazil,Itapipoca
L***,bc3f787af91bb80c,l************@surveymonkey.com,Female,3340020835.66,Netherlands,Zaandam
C****,69bc15909a8fbce0,c********@state.gov,Male,3034484657.52,China,Ezhou
B****,8b3795aa25390811,b*****@mit.edu,Male,9384779218.6,Japan,Chiba
G*****,18b0b4a0cad72d27,g********@csmonitor.com,Female,7628573669.32,Argentina,Mina Clavero
F*****,014a248374696c6b,f*******@stanford.edu,Female,4755143666.84,Tuvalu,Fakaifou Village
D****,6e7bad65a37ffceb,d*********@about.me,Female,1194463471.23,Bahamas,Cockburn Town
I*****,2d68bce5e1bf0225,i***********@usgs.gov,Female,7006264720.46,Indonesia,Peukanbada
D**,e43bc9ca81520a2c,d***********@de.vu,Male,8162443735.33,Indonesia,Sangatta
L***,741329a3721bb46e,l**********@weibo.com,Male,6117407819.82,Indonesia,Karangmulya
N**,d223620603b8e9fd,n*************@icio.us,Male,4285768121.03,Russia,Sharan
B******,dea7cd43556da8bb,b*******@youku.com,Female,3270334102.33,Indonesia,Garunggang
L****,577282fc57a84c86,l*********@discuz.net,Male,5132949948.02,China,Dushu
R*****,a44bb07b1af9b6c2,r*********@163.com,Male,7784634932.31,Sri Lanka,Unawatuna
J******,c82c0b016d63e8dd,j********@blogtalkradio.com,Female,5445175379.28,Philippines,Infanta
J******,a64a32093d8c6ec5,j********@ovh.net,Genderqueer,7164964857.2,Botswana,Lenchwe Le Tau
L*****,6b875042d6fded76,l********@mozilla.org,Female,10112946180.78,Brazil,Rio Negrinho
B**,7920637ff1862c16,b*********@guardian.co.uk,Genderfluid,5317448186.03,France,Tours
P******,7782389cbc7f6069,p***********@blogtalkradio.com,Male,5268606554.38,Chad,Dourbali
J********,c42bc1938e9b24b2,j********@ustream.tv,Female,3205695024.07,Chile,La Unión
I*******,f8e797fbd12d6b8e,i********@mediafire.com,Female,8114754975.91,China,Kuandian
R********,9884bd307e961d09,r******@shinystat.com,Male,2753143770.45,Venezuela,Píritu
T*******,8b90437b6bb3565c,t*********@gov.uk,Male,7114265416.94,Finland,Harjavalta
F*****,84673bc27feefcc3,f**********@virginia.edu,Male,3272025408.15,Portugal,Meia Via
S*******,9b33c2d995dd9df0,s********@economist.com,Female,8756123793.98,Iran,Farmahīn
F*****,6b7bbd9f38cf85a3,f********@buzzfeed.com,Male,2628416359.52,China,Tongyuanpu
J****,9992d0ce1b901b23,j*************@deviantart.com,Female,9939732336.13,Brazil,Aparecida do Taboado
L*****,b48979e8548439bf,l*********@webs.com,Male,1866437587.96,Lithuania,Mastaiciai
Y*****,303e3a6e8b0c6d30,y**********@nydailynews.com,Male,8958798981.81,Russia,Ob’
T****,0676ece4bf518624,t***********@google.com.au,Male,5385357861.19,Czech Republic,Přibyslav
M*****,15a5df6821bb8b96,m*******@hhs.gov,Male,9334511494.72,Yemen,Al Ma‘allā’
S******,1e6933466d494d91,s********@walmart.com,Male,6216456796.73,Pakistan,Murree
M*****,2ee597608f84f2d8,m********@illinois.edu,Female,3904026297.76,China,Wuluo
N*****,b6d768b0acb0a8af,n***********@google.com.au,Female,4294640264.74,Russia,Krasnoye
P****,ef9f8be55ed60f97,p******@scribd.com,Male,8871491478.09,China,Shatian
B*****,412f5fc4c8cf2185,b********@theatlantic.com,Male,6569887390.04,Indonesia,Tamansari
B****,7ac1e085e5d6a352,b*********@umich.edu,Female,4716510181.37,Portugal,Alto do Estanqueiro
M****,3722d0cb2a587b56,m*********@nytimes.com,Female,8093871959.79,Brazil,Lagoa do Itaenga
L*******,f2f75672d598f5ac,l*********@xing.com,Female,7761673328.75,Brazil,Palmas de Monte Alto
M***,fdaa953b4071325c,m*********@qq.com,Male,1915051793.91,Italy,Salerno
S************,929b2447c5db327f,s**********@microsoft.com,Female,3663458235.51,China,Hongqiao
T******,27ba2a54a37a412f,t*********@woothemes.com,Male,3980174329.76,Portugal,Zambujeira do Mar
S******,8ec0da634624ea44,s********@omniture.com,Female,3861619054.16,Sweden,Huskvarna
C***,c5082a782e041688,c*********@cpanel.net,Male,1653371720.29,Philippines,Isulan
M*****,dd448e233927e04b,m***********@odnoklassniki.ru,Male,7951248659.29,Czech Republic,Valašská Bystřice
G******,2e6175faaabd2662,g*******@slashdot.org,Male,7121533354.37,Jamaica,Point Hill
M*******,60e0f3fddcfb801f,m*******@odnoklassniki.ru,Female,4790194820.81,Peru,Quiñota
T*****,02e78db22d1c2215,t*******@hexun.com,Female,8897768355.68,Cameroon,Bamenda
A******,44380c06480cf711,a********@scientificamerican.com,Male,4084374568.47,Russia,Kalino
E*****,49050b41eec0c3a6,e***********@state.gov,Female,7940275330.48,China,Zeqin
L*******,5458c7793f7f186f,l********@netscape.com,Male,8816166560.03,China,Chengdong
A****,a555b5391cac626b,a*********@instagram.com,Female,4713675273.6,Palestinian Territory,Bil‘īn
A****,f6372a0449209bcb,a**********@skyrock.com,Male,9902857237.12,Uganda,Jinja
B***,826dd44f1be44c96,b*********@printfriendly.com,Female,1765232600.72,Russia,Somovo
H****,b07e4ec9c4d86487,h*********@npr.org,Male,9066122573.93,Madagascar,Anjepy
C*****,b6b213a5cd05c4eb,c********@freewebs.com,Male,3501343656.62,Japan,Takamatsu-shi
C******,205fd091f9d8f06b,c***********@csmonitor.com,Female,4670715897.69,Russia,Nikol’skoye
S*****,b6c57358b584256c,s*******@tinypic.com,Male,4692958268.52,Portugal,Raminho
R******,1568eabd42041f14,r*********@de.vu,Female,6471105843.3,France,Montélimar
E*****,139b255d5c695bb1,e******@dedecms.com,Female,4279370235.84,Mexico,Hidalgo
T******,ceb3c364848ae228,t***********@woothemes.com,Female,4153011685.55,Poland,Pisz
T*******,1f87f804551cdfee,t*********@cbslocal.com,Female,7359935220.76,Czech Republic,Žamberk
M*****,15f60a27afb16830,m*******@scribd.com,Male,8369732445.51,Malawi,Mangochi
F****,8b022b5c8ec3f08c,f*******@ifeng.com,Male,3211530901.57,Jordan,Karak City
N*****,17881c36e9a5dc40,n***********@icq.com,Polygender,3402896017.82,Russia,Staraya Kulatka
G*****,81f16575878f411f,g******@vkontakte.ru,Female,1728426815.04,Somalia,Ceerigaabo
R******,c422936b9ff600b7,r*******@imdb.com,Male,4990925776.32,Malaysia,Ipoh
L********,69b52065b8c8a8f9,l********@mayoclinic.com,Bigender,6279157950.59,Ukraine,Korosten’
D*******,446f3129afcbec3e,d*******@amazon.co.uk,Female,9374544098.56,United States,Sacramento
L*****,e8532b289e81d064,l************@mtv.com,Female,8865900553.83,Sweden,Vårby
S****,6085b0b7f53eed5e,s***********@skyrock.com,Female,3666279195.9,Brazil,Lençóis Paulista
O*****,e75dab13091c15ae,o*********@pbs.org,Female,2698573104.17,Indonesia,Rawuk
C*******,5882759905b3de11,c*******@hostgator.com,Female,8526178839.06,China,Houmen
C**,d83a17761590242f,c***********@hibu.com,Male,3647646952.86,China,Xi’an
B*********,2ac058b30ff229cb,b********@tmall.com,Male,2194989994.82,United States,Springfield
S******,4f5b07007c3cc883,s*******@whitehouse.gov,Female,7010213369.37,Cuba,Banes
L**,90e9ed7d263a660d,l*******@vk.com,Male,4923403412.16,China,Anding
M********,e70cb3aca01cb85a,m********@ning.com,Female,7076991035.47,Curacao,Newport
H*****,f199dc159e1b692a,h*******@unicef.org,Male,9285377303.61,China,Yishan
E*****,b0f29819d3879dfd,e*********@cbc.ca,Male,4056000296.99,France,L'Union
M*******,362c79cdad38242d,m*********@blogtalkradio.com,Female,7153980380.7,France,Paris 17
S*****,f184c55fe78dc77f,s*******@instagram.com,Female,7385424305.1,Greece,Ágios Efstrátios
P****,f97caa715d517550,p**************@tumblr.com,Female,7906641835.77,Croatia,Rezovac
N******,393d8134295ad751,n********@alexa.com,Male,9120731911.13,Oman,Shināş
J****,1a3f374c7c8cb066,j*********@census.gov,Male,6586706201.3,Iraq,Hīt
M*******,91643a8a16b1d13e,m**********@baidu.com,Female,3375190833.12,Austria,Burgkirchen
C***,00450d9dbb6a95b4,c**********@jimdo.com,Female,3497225247.71,Portugal,Nagoselo do Douro
N****,0338c07b588d87dc,n************@webnode.com,Female,4222300520.33,Brazil,Nerópolis
F****,8a06ca9ed18d6ba7,f***********@va.gov,Male,1637252494.1,Poland,Zbrosławice
M******,a3dcde48664dbf77,m************@hostgator.com,Female,3969468960.93,Venezuela,Güiria
O******,226abfdc4731e987,o**********@over-blog.com,Bigender,3644020384.85,Poland,Pruszków
B****,31f5032cfaf0f52e,b*************@tripod.com,Male,8048648220.59,Greece,Skópelos
W*******,dbcf62a922a52bcd,w*********@phoca.cz,Female,7615883965.18,China,Dongping
D*****,eb3541c6a0138765,d**********@elpais.com,Female,6428240875.5,Greece,Erátyra
A***,8a9ad2ed26cfb1ba,a**********@ovh.net,Female,1522934985.87,Russia,Smolyaninovo
J******,8a2e1aefadf5997e,j********@hc360.com,Male,5785193985.27,United States,Rochester
A******,5b7c00aeb058f0f7,a*********@noaa.gov,Female,2224073281.75,China,Shuangyuan
C*******,aa45ceb908d36877,c********@uiuc.edu,Bigender,5740392050.68,Thailand,Bang Rak
L****,f8c7e2eec1be8bb5,l********@earthlink.net,Male,4859030947.04,Syria,Jablah
R*****,51d2614ee8d9fdd8,r************@thetimes.co.uk,Male,9585044531.11,Philippines,San Antonio
E*****,ef3c73905ee9c699,e***********@about.me,Female,5940724268.86,Bosnia and Herzegovina,Visoko
B*****,9c5fc5624cb23f83,b*******@constantcontact.com,Male,4654207785.32,Philippines,Estacion
T*****,67056ab61fe677b6,t*********@usda.gov,Male,4137289085.7,France,Perpignan
I*******,75372bcd9ea0fe8c,i******@netvibes.com,Female,2382470061.46,Saudi Arabia,Tārūt
K*****,7368ac91ac0cfcca,k*******@blog.com,Female,2112827306.28,United States,New Haven
V*******,326021b055d767c4,v**********@house.gov,Female,3314000949.41,Indonesia,Kampungdesa
N****,9164b2566136b855,n*******@123-reg.co.uk,Female,4613725847.77,Jamaica,May Pen
S****,aaf3d8b947270a89,s************@blogtalkradio.com,Female,7636467958.67,Armenia,Tsaghkunk’
W********,9e7bce1603ea72b0,w**********@vimeo.com,Male,5936257336.04,China,Wanbu
R***,be3263fc5b3082a0,r*******@com.com,Male,4414574776.2,Japan,Okinawa
R******,69d78b7e8fb1c746,r******@discuz.net,Bigender,7404844207.26,Palestinian Territory,Barţa‘ah ash Sharqīyah
A******,fb32c93f67577aea,a************@cbsnews.com,Female,5745065431.41,Luxembourg,Bergem
S*****,05d091f04efe8140,s*******@sogou.com,Male,3004027923.44,Indonesia,Plumbangan
C******,5adc2890849eb67b,c*******@tripod.com,Female,9224597940.22,Russia,Shirokovskiy
G*****,a246cd546f093860,g*******@cmu.edu,Genderfluid,3306616936.4,Indonesia,Sulengwaseng
D****,2a6bd42429023511,d***********@yandex.ru,Male,2794130393.98,China,Zhongying
S*****,1df358840acdc98b,s*********@smugmug.com,Female,3316860796.37,Philippines,Calinaoan Malasin
D******,82e6f3c772893e9d,d*********@last.fm,Female,8455734312.35,China,Ningmute
S**,5e86419cb0b8b301,s*********@mediafire.com,Male,7991245656.39,Philippines,Camaligan
W******,fcd7c4058e917e67,w*********@networkadvertising.org,Male,8710072669.14,Philippines,Tagasilay
P***,cda4fe3e33de07bc,p********@forbes.com,Male,2341019991.32,Philippines,Bantay
C***,4b4b6f1027526a57,c********@com.com,Male,9505504835.59,Indonesia,Jati
O******,e4d46f78bdbc403a,o*******@ca.gov,Female,4967606159.1,Brazil,Casimiro de Abreu
W***,5d6ed558355ee452,w**********@sakura.ne.jp,Male,8990168938.43,Vietnam,Chư Ty
L****,0aacc78d92bfe8ac,l********@goo.ne.jp,Female,3904309360.6,Norway,Bergen
N******,2a59f405c4a69277,n*************@paypal.com,Male,5464523906.98,China,Guogan
W********,8cf246744c81ec53,w**********@ed.gov,Male,3896602561.83,Haiti,Bombardopolis
S*****,a271cb1e72ac79f9,s******@washington.edu,Female,4291723378.65,Czech Republic,Želešice
G***,f95b4f64c5d9c98f,g*******@weibo.com,Female,4506427954.99,Albania,Memaliaj
N****,e429fa55b176dd3a,n************@samsung.com,Male,996902907.77,Russia,Berëzovskiy
E*****,7ce05c4168529bc2,e*************@google.co.uk,Genderfluid,6384229901.44,Brazil,Paiçandu
L****,c0e6c3a45c1f8fc1,l******@nbcnews.com,Female,4955005165.01,Poland,Chotcza
B**********,9046eeb6a5554faa,b******@buzzfeed.com,Male,7760442417.39,Poland,Cegłów
A*******,ee69eb4afc76aae0,a********@wp.com,Male,1871544342.05,China,Zongzhai
S****,317a4d4ed3fdee57,s********@scribd.com,Female,9547453136.19,Indonesia,Habingkloang
Q*****,e814186070c274a0,q***********@mozilla.com,Male,7238208895.88,Japan,Kisai
N*****,994b29e54a90964c,n*********@usa.gov,Female,1387029485.75,Mauritius,Cap Malheureux
E******,b573878703092401,e*********@usa.gov,Male,3224053141.34,Spain,Sabadell
O***,709b80ef3d0a3f45,o********@nydailynews.com,Male,5630149001.45,Brazil,Imperatriz
M****,7b3896fbd85a93f2,m********@deviantart.com,Male,4684724121.26,Indonesia,Jagabaya Dua
K****,035a864f0c7fd4f0,k***********@reddit.com,Male,5319876900.88,China,Liuhe
W****,8fea455fd82e2cad,w*********@mozilla.org,Male,2677984365.87,Colombia,Duitama
T*****,134b0ff1f0f2db12,t**********@ucsd.edu,Male,6890806031.9,Syria,Talldaww
T****,ccdab5944f99a154,t*******@archive.org,Male,5092302174.54,Germany,Köln
M****,1422f52413b5f104,m**********@fotki.com,Male,9158665843.75,Namibia,Aranos
E******,f8c5c142f3b74ac3,e*******@ning.com,Male,8794414331.26,Russia,Muslyumovo
R*****,06f7207bb791dc6d,r*********@t-online.de,Male,3460229555.58,Ukraine,Perehonivka
K****,34ed248ae4f5ea40,k*********@theatlantic.com,Female,6158294811.31,Iran,Ḩājjīābād
J**,d83253738f04b41b,j**********@biblegateway.com,Male,8144609933.33,Argentina,Junín
N**,c488acd7988b536c,n***********@freewebs.com,Male,6573959731.7,Russia,Staroshcherbinovskaya
S****,22c58d84f08e3a4e,s******@prlog.org,Male,8713349470.33,Japan,Aisai
T*****,fb315c0732f259cf,t******@list-manage.com,Male,6757624332.75,China,Hongwansi
L******,34ac935a00967870,l*********@state.tx.us,Female,7004111598.99,Thailand,Khemarat
M****,87d70b2fb2fd809c,m********@wufoo.com,Female,5350737200.5,Indonesia,Jepat Kidul
C***,576afea9666b9f95,c***********@google.com,Male,6559393799.81,China,Guanshan
C******,4f54b45e791bafc5,c*********@ebay.com,Male,1361276332.64,Brazil,Cruzeiro do Sul
L******,7c809ac11cf6f2fc,l***********@hexun.com,Male,8912879645.41,Czech Republic,Radiměř
A*******,582844d20fa9f916,a******@deliciousdays.com,Male,5484280717.09,Georgia,Kharagauli
G******,b6c0403c71b660c4,g***********@berkeley.edu,Male,8414062862.45,Indonesia,Rawawilis
L******,818d0e5ffae3c30d,l********@skyrock.com,Female,8475432798.93,Philippines,Tariji
K***,f04bb0e6361c05ac,k*********@desdev.cn,Female,9402823530.52,Canada,Bay Roberts
K*****,21a7232f14412fa8,k********@toplist.cz,Male,4486898661.03,Portugal,Alcaria
I***,28ad430ead28f9c6,i**********@cornell.edu,Female,5888674033.3,Georgia,Sokhumi
L***,6ae8cc40d193c36c,l***********@wordpress.org,Female,7045172721.89,Portugal,Vilarinho das Cambas
R**,e755f4c2d067db1c,r************@springer.com,Male,3880024121.02,Peru,Ayna
D******,545a036861ad8e2e,d**********@tumblr.com,Male,5754150260.64,Brazil,Palhoça
D*****,5f69c9c92b095f4b,d**********@a8.net,Male,7861553286.55,Bolivia,Totora
T*******,ce7595043278901f,t********@prweb.com,Genderfluid,5392962572.42,Vietnam,Ai Tu
K******,b9fac5f6910bd29c,k*******@issuu.com,Female,2714414310.44,Indonesia,Ngarus
D******,871fb83fc6774013,d***************@cbsnews.com,Female,9276957993.83,Vietnam,Tô Hạp
A*****,0b50e476c7c163c5,a********@army.mil,Male,6459830792.51,Mexico,La Victoria
R*****,f5bc7ce3e756660a,r*********@hhs.gov,Non-binary,1266639465.6,Russia,Kavalerovo
L******,a6e970523687bf2a,l********@moonfruit.com,Non-binary,6449198015.71,Portugal,Ardazubre
K****,8c0921a26a6658b3,k*********@deviantart.com,Female,10024295991.5,Thailand,Ban Lam Luk Ka
F*******,2e71094636e8839e,f***********@smugmug.com,Male,2126388496.34,United States,Seattle
H*****,32f9e04b4774f03e,h*********@freewebs.com,Male,4036542036.87,China,Jiuxian
R**,9b37764bf7e68634,r**********@sakura.ne.jp,Male,4236855666.58,Netherlands,Enschede
F*******,44be3d8b10ce4331,f*********@qq.com,Male,7246882846.55,Thailand,Ban Dan
G*****,40cd7e1ea2153298,g********@ifeng.com,Male,3089911792.76,Tunisia,Bi’r al Ḩufayy
R******,e29c3a8968fcf1a8,r*********@tmall.com,Male,3690150771.47,China,Zhongbao
R****,edf42f38d75989c5,r******@miibeian.gov.cn,Male,4839488871.06,Sweden,Ulricehamn
S****,6823c2ed9733aa14,s*******@sakura.ne.jp,Female,4144190804.44,Indonesia,Padhahegha
L*****,888d6fd6d59e9ec4,l********@about.me,Female,3883880859.81,Russia,Pribrezhnyy
L*****,6fb0673c9d77b473,l********@bloglovin.com,Female,4844669365.13,Russia,Pokrovskoye-Streshnëvo
C*******,5cec4f5860e70e3d,c***********@businesswire.com,Male,6269168513.22,Sweden,Mariefred
B******,0c788fd7e273b719,b******@arstechnica.com,Female,8672988580.01,Honduras,Las Lajas
L**,1e21bff4374dc3e8,l*******@t.co,Female,3159928952.79,Indonesia,Tangguhang
A*******,d24f0cb66e2b73a8,a*****@geocities.jp,Male,7949658424.42,Thailand,Ban Talat Yai
G******,d6b776d98df96628,g*********@i2i.jp,Female,7154556989.94,Madagascar,Morondava
J******,546105f94fc5aeff,j*********@twitter.com,Polygender,2647091036.92,Indonesia,Krajan Caluk
C******,ca68834fed07e61d,c*******@topsy.com,Male,5510654955.39,Nigeria,Igarra
A***,3e2d2d939da5fcf9,a*********@lulu.com,Male,4458998813.2,China,Zhoujia
I**,b21db2fd6e6a4484,i*********@jigsy.com,Male,1510621900.98,South Africa,Peddie
A****,fd53ef835b154855,a*****@rediff.com,Male,2044506003.93,Peru,Tunal
M********,e8cc73303ac86eb1,m*******@so-net.ne.jp,Female,4272914433.86,China,Gaofeng
B****,95461435e95d4073,b*********@nsw.gov.au,Male,7679536047.17,Russia,Zakamensk
M****,0c8a54523c19212f,m*******@alexa.com,Male,1790847791.29,Mexico,Loma Bonita
J****,f7749ada4b6bcc91,j**********@myspace.com,Genderfluid,9441956871.74,Pakistan,Shabqadar
B***,6a110152e9147675,b*****@who.int,Genderqueer,9640177659.14,Bolivia,Huanuni
H*****,bd6a5ec96c8aa097,h************@arizona.edu,Male,5147593474.62,Philippines,Parabcan
A******,345ef6ce20724075,a*******@sina.com.cn,Genderqueer,4858783391.93,China,Xiaomenjia
A******,f1184934a6d3c884,a*********@opensource.org,Polygender,8927677852.69,Philippines,Castilla
D****,8ebea629b3810353,d********@i2i.jp,Female,6317140825.59,Indonesia,Pandanwangi
M******,db44457e63a530ce,m**************@t.co,Female,4421423341.59,Ukraine,Batiovo
B*****,a99bb8d5861871af,b******@skype.com,Male,1525245443.72,Indonesia,Sumberkrajan
M******,cda9cc5b3f1e84eb,m*********@infoseek.co.jp,Female,8480151086.69,Saint Vincent and the Grenadines,Byera Village
F***,c3bffd96fc409a8a,f*************@shutterfly.com,Male,1324359062.32,Indonesia,Petong
J****,f9d7b91aef794346,j********@comcast.net,Female,8418137482.85,Vietnam,Cái Dầu
D****,aa98e389b6168ffb,d********@spiegel.de,Female,3933270385.29,China,Henglin
M*****,5c5aba322289d273,m**********@blogspot.com,Female,7453990830.68,Brazil,Pentecoste
T***,7b4ddc5df6e719f5,t*******@jimdo.com,Female,4300047442.97,Sweden,Kiruna
K****,f9cb6ab59114a29b,k***********@creativecommons.org,Female,5327027404.24,Indonesia,Langkap
B******,e7928e38ba93d58e,b************@toplist.cz,Male,9154897895.99,Guyana,Anna Regina
M*****,337fb1664294e70f,m*********@mashable.com,Female,5672315476.52,China,Xidianzi
B*******,a6df231666c0e278,b**********@arizona.edu,Male,6766919203.62,Uruguay,Cerro Colorado
S******,ebfe81582bae481e,s********@cocolog-nifty.com,Male,1103963785.05,Brazil,Jardinópolis
V*******,27f24dfd85d27d68,v**********@walmart.com,Genderfluid,9268369011.98,New Zealand,Methven
C*****,de4cd835fc55df00,c********@wsj.com,Female,6693848599.41,China,Licheng
T***,b4516c5a49dae9c4,t*******@bigcartel.com,Female,3237777562.37,Israel,Herzliya Pituah
F******,05b84717209e4307,f********@slideshare.net,Female,2495595284.29,China,Dagang
B*****,765c039ca4bdd7f3,b********@soup.io,Male,2716911178.08,Ecuador,Cuenca
T******,397b038175463d8b,t********@apple.com,Male,5104303528.02,Brazil,Alfenas
S***,d9dacb3ee168be4d,s******@yahoo.co.jp,Male,1317100698.18,China,Taocheng
G*****,48327f6e277817ea,g************@slate.com,Male,3709902648.06,Mexico,Antonio Toledo Corro
C*****,e307f502c680f315,c********@usa.gov,Male,1546361607.81,Indonesia,Tanggul Wetan
D***,dbefd8cd48a36942,d*********@cyberchimps.com,Male,5017631287.02,Canada,Roberval
L*****,8780899479618e46,l***********@twitpic.com,Male,3048860932.16,Indonesia,Sumberngerjat
G*****,70ca4b9d9b1242cd,g***********@jiathis.com,Genderqueer,7465531534.49,Iran,‘Abbāsābād
D***,3401e041414ef0f9,d**********@intel.com,Male,1692911511.83,Peru,Ica
G********,f089eaef57aba315,g*********@auda.org.au,Male,10185762767.46,China,Zaoxi
C*******,0ca6d10f87b60042,c********@instagram.com,Female,3977655466.04,United States,Springfield
N****,f5e5f512ca99fba6,n***********@abc.net.au,Female,7372462973.42,Russia,Dzerzhinskiy
J*****,72895d67505d95a8,j**********@twitpic.com,Male,4345206440.28,Egypt,Rafaḩ
C******,60e8ee9d20e5461d,c**********@istockphoto.com,Male,2112095421.34,China,Honglai
P********,1c2022671f89b7fb,p**********@guardian.co.uk,Female,1606010194.0,China,Linxi
S***,eca869f429f6850b,s********@slashdot.org,Female,2743875048.19,Indonesia,Banarankrajan
S*****,edf3d794eb2fa7ac,s*********@cbc.ca,Female,9479182196.78,Uganda,Kalungu
X*****,6cb99a8c5979962d,x**********@statcounter.com,Male,8493322781.24,Peru,Mariposa
D***,9324ad67a55f17c1,d***********@canalblog.com,Male,3640478198.78,Venezuela,Ejido
M******,5ad9b276020ab95e,m********@google.fr,Male,7104075127.84,Czech Republic,Lešná
A******,b2bac5f3bea891cd,a**********@craigslist.org,Female,1114069906.06,Ecuador,Babahoyo
L****,f2a95ba7f28361de,l*******@diigo.com,Female,7012454806.15,Philippines,Cawayan Bugtong
H****,8ea43e150b4e260b,h************@reddit.com,Male,8657137396.28,China,Bazhu
N******,04b8215fda3db553,n**********@alibaba.com,Bigender,4070277892.51,Brazil,Altamira
K***,8289bae1f13d193d,k**********@illinois.edu,Male,5736133805.54,South Korea,Goyang-si
A*******,7d266c60ed7a81d1,a**********@live.com,Male,5150798747.81,South Korea,Gimcheon
B****,0b24c284a2f4279a,b*********@altervista.org,Agender,3092667518.89,United States,Saint Louis
A*********,83f07329ee99e1b4,a**********@ucoz.ru,Female,2923612906.52,Indonesia,Bulangan
M****,4d9223880a4188a8,m*********@oakley.com,Male,7146091515.99,China,Xijia
M*****,58e846b62195ffd3,m*******@independent.co.uk,Female,6141879026.65,Uzbekistan,Yangi-Nishon Shahri
S******,11a2958cbe3b995e,s********@elegantthemes.com,Female,5561142643.76,Czech Republic,Potštát
E*******,43baf96b8ec98830,e***********@qq.com,Female,6840151487.85,Indonesia,Banjar Petak
J*****,9d3d5f352be07676,j************@newyorker.com,Male,9084891653.68,Croatia,Makarska
W*****,37109cf0feba166b,w*********@sohu.com,Male,3509719563.21,Kenya,Kakamega
R******,0c459d33eda9711b,r******@theglobeandmail.com,Male,4432229603.89,Peru,Huambalpa
G*******,80e595625fa8d184,g*******@ted.com,Male,7908073453.77,Russia,Zhigalovo
H*****,7ad54bd97086bd01,h*********@apache.org,Male,3378874878.89,Pakistan,Khairpur
A*******,07e95e899129b48c,a************@examiner.com,Female,1567128459.41,Pakistan,Mīrpur Sakro
R****,ae6e3a54cd803f00,r*************@apple.com,Female,1168997095.59,China,Xiangzhou
G*****,c60082913028d0b0,g********@fda.gov,Male,7007828291.0,Gambia,Bureng
E***,fab27f19770c5717,e*********@is.gd,Female,5643796583.76,Brazil,Franca
I***,9395d3f1604b8769,i*********@kickstarter.com,Male,3225978244.39,Poland,Cisiec
E********,2c4501de0e2a0e1a,e*******@mtv.com,Female,8134459278.51,Sweden,Säffle
F***,47c13f01306f58fa,f***********@arstechnica.com,Male,7360116985.66,Indonesia,Blokdesa Situgede
L******,70c804aabb228edd,l*******@ustream.tv,Male,4431657605.73,Finland,Kiihtelysvaara
C***,11818089b3ea1ea5,c*******@facebook.com,Female,1434604015.52,Sweden,Uppsala
M**********,db18f1a3dfaca4f9,m********@dion.ne.jp,Female,2384227857.75,China,Sunduan
W*******,f10fe95c16b169af,w*********@samsung.com,Male,6397148614.71,Brazil,Rio Grande da Serra
C****,6b2313c7cae17571,c******@house.gov,Female,9418761427.68,China,Jianli
E******,3d6390e65921c4cb,e***********@skype.com,Female,8570368780.2,Syria,‘Ayn Ḩalāqīm
C*******,bed9c68e4ade52db,c************@paypal.com,Female,3124951330.92,Brazil,Cravinhos
D****,e0c2f1ed4bb10055,d*********@over-blog.com,Male,8139407940.65,China,Baisha
B***,bc45e1e94ec9e1fe,b**********@noaa.gov,Genderqueer,1975457408.06,Finland,Jakobstad
H*******,eecc220464009c26,h***********@bbc.co.uk,Male,7258449320.34,Indonesia,Mekarsari
I******,d677190e0a9990e7,i*********@upenn.edu,Female,8191451461.86,Poland,Lututów
R****,c4b726da36c78f18,r*********@so-net.ne.jp,Female,5262045006.64,Honduras,San José de Colinas
J***,548b8518eb4a6177,j*********@eepurl.com,Female,9385121933.02,China,Lingtou
A****,6d6d5b5289270add,a********@homestead.com,Female,1534598702.29,China,Renchaoxi
L*******,b1d2dad941873eb0,l********@wisc.edu,Male,9475996405.49,Iran,Āshtīān
J******,8eb28202938b8fbb,j**********@japanpost.jp,Female,7262259234.29,France,Nantes
D****,ebc3e9454138cc6c,d**********@usnews.com,Female,7971446897.38,Peru,Cumba
A*****,a8ed831f362013dd,a*********@gmpg.org,Genderfluid,6852345891.33,Canada,Moncton
A***,777e88b51092d314,a******@pinterest.com,Male,6797972625.52,Poland,Chłapowo
O*****,8dab71decf625356,o********@weibo.com,Male,3849628431.37,Russia,Nadezhda
O*******,484ac2e0e71f040a,o********@bluehost.com,Male,5142372015.04,Ecuador,Eloy Alfaro
V*******,0ff4b0ed1edae8aa,v********@nyu.edu,Female,7574349385.06,Mauritius,Quatre Bornes
T*****,84797c3343429d31,t********@bandcamp.com,Female,9567381186.87,Denmark,København
M*****,152317ac4d5cf2f1,m************@cmu.edu,Female,4300166439.13,Philippines,Tambong
M******,1ee56c67a83f2a2e,m**********@google.co.uk,Agender,8668216063.87,Indonesia,Kasonawejo
C******,4579832a807d1612,c**********@mysql.com,Genderqueer,6573961532.98,Malaysia,Raub
T***,828cbbb789928cbc,t***********@51.la,Bigender,2297401138.94,Portugal,Real
S************,bea73d237926edeb,s********@altervista.org,Male,6818005249.35,China,Haoyi
A******,f8221f6d216d573c,a************@freewebs.com,Female,9028442931.19,South Africa,Balfour
G****,232eaad6dfb0cf3a,g***********@sakura.ne.jp,Female,2552723293.08,Afghanistan,La‘l
G****,aead4e0f7822df5a,g********@photobucket.com,Female,4501333448.5,China,Majin
G******,379dbafbfb91e216,g********@mozilla.com,Male,3328319946.69,Afghanistan,Jalālābād
B*****,baebc99c9ae241a0,b**********@ustream.tv,Female,7561355594.35,Philippines,Batasan
P**,72e59891f4c4b3fa,p*********@amazon.com,Female,7557769588.8,China,Tonglin
T******,2f07abc510c96ff1,t*******@intel.com,Male,10343572851.28,China,Yongfeng
E***,12ef74a975b0ed90,e**********@fastcompany.com,Female,8687514687.49,Bulgaria,Burgas
M********,eeb8e85f37679a86,m*********@nifty.com,Female,3403094340.19,Indonesia,Watulimo
A*****,009ccbf8e729b074,a********@economist.com,Polygender,2200328677.05,China,Guancheng
M*******,1cdcfc3885f538bc,m*********@live.com,Female,8838347339.25,Sweden,Ljungby
L*****,5b21df1c94c184ab,l*********@barnesandnoble.com,Female,6061969539.44,China,Ulan Us
L****,ef54f43439d2a5b4,l********@instagram.com,Female,3444179486.08,Indonesia,Pajeksan
L****,0140ba38b1cdc895,l**********@list-manage.com,Female,5843151077.68,South Africa,White River
F*****,5969881ba166bfd2,f*******@un.org,Male,7445958273.5,Yemen,Ta‘izz
S*****,1e32ff9e6628147e,s*******@seattletimes.com,Female,6270466432.76,United States,Columbus
T****,b310ba36f471f17a,t**********@photobucket.com,Female,8827768984.11,China,Fengniancun
N****,0cb59458b5e23f9a,n**********@oaic.gov.au,Female,4503418815.6,China,Baiyin
M*******,d0ac287434fdaa65,m**********@zdnet.com,Female,8579280996.87,Iran,Gāvbandī
B****,3105562cfd2cbc41,b*******@prweb.com,Male,7998292271.51,South Africa,Delareyville
A******,ac10f475a46c63bb,a*******@yelp.com,Male,7308399544.56,Colombia,Curumaní
C*******,60302435217b2cad,c**********@hibu.com,Female,6517757587.49,Tunisia,Ksour Essaf
T*******,5c3510f089948bb7,t********@loc.gov,Male,2297803962.44,South Africa,Sasolburg
H*********,cf80bb6895b9e3b6,h*********@tripadvisor.com,Male,5102343474.88,Latvia,Rēzekne
J******,552127973f8424e1,j******@furl.net,Female,6752555995.36,France,Bobigny
W*******,6cd9a292d6aae732,w***********@opensource.org,Male,8962002938.59,Malaysia,Alor Setar
L*****,08aef1d59ce1d224,l**********@yandex.ru,Agender,8843345406.7,Indonesia,Sadananya
C*********,7680d1befbdbd7ee,c********@e-recht24.de,Female,2703411965.84,United States,Houston
N****,32d3588c33f4cc0b,n********@bigcartel.com,Male,5474517486.53,Egypt,Būr Safājah
B******,566d18acb61aee0b,b***********@mlb.com,Male,4505191883.76,Thailand,Wat Bot
H*****,7992142ba7d57360,h***********@mysql.com,Male,5197937136.87,Philippines,Calaya
J***,9e63f0b6aa85746a,j********@cdc.gov,Male,6320445611.05,China,Si’erbao
E*****,80ec994c2b31e22f,e**********@illinois.edu,Female,2581607485.53,Finland,Hartola
J***,1f4d16a978933400,j********@illinois.edu,Male,7118616370.93,Belarus,Khatsyezhyna
S*******,bf7db39f3f40e6e3,s***********@domainmarket.com,Female,5911059903.12,China,Chaoyang
A******,dbc29ae61a428c1c,a*********@dion.ne.jp,Female,9822092523.92,China,Sangmu
J*****,41f81fa39fe40e75,j*********@usgs.gov,Female,5591661346.18,China,Qixia
R**,d386e90db00a6808,r**********@cdc.gov,Male,8852500035.27,Hungary,Pécs
E****,1fd409bdf39ac1d7,e*********@tinyurl.com,Male,9277085972.86,Ethiopia,Felege Neway
E***,8fc49a37693b9427,e*********@alibaba.com,Male,7236022093.24,Philippines,Puerto Bello
F****,11476ab749761677,f*********@reverbnation.com,Female,2462037088.01,Russia,Spasskoye
A*****,fa8a116d768af270,a********@amazon.com,Female,7507625823.92,Portugal,Funchal
D***,d448280d6091d914,d*********@bing.com,Male,7137653929.49,Japan,Mino
C*********,86dc11298202fd7b,c*******@github.com,Female,9095752544.43,Oman,Ibrā’
E******,42607356c8759a45,e*********@patch.com,Female,3301745544.56,Mongolia,Hujirt
R********,9476a1b7229008fa,r********@washington.edu,Bigender,3746106731.52,Thailand,Srinagarindra
F******,17711f2a42561f3a,f************@jimdo.com,Male,9053774849.79,Tunisia,Douz
D*******,be6e03ce8240e3ec,d***********@e-recht24.de,Male,8063779171.99,United States,Richmond
M******,5b4a7e3665653447,m*********@bloglovin.com,Male,8517545302.83,France,Balma
T*****,759679e1f7746d57,t*********@epa.gov,Male,4981745530.13,Kiribati,Banraeaba Village
K********,adc12b6a40e49e20,k********@weather.com,Female,8804672371.54,China,Pingyin
C****,2c07ec14bd488607,c********@blogs.com,Female,4343225558.42,Indonesia,Purwodadi
F**,a128f9f593692012,f*********@t.co,Male,2191921202.27,Greece,Síkinos
L*****,3be5f7e2059e9623,l********@smugmug.com,Female,3423389833.97,Russia,Pregradnoye
D****,f2f0c9877af2bbfd,d*********@istockphoto.com,Bigender,8164638182.37,Peru,Uripa
C*****,c3e4b38aeaf136db,c**********@wikipedia.org,Male,2589407765.6,Jamaica,Petersfield
C***,67c0a6fa39aec076,c*********@t.co,Male,4867589572.61,France,Rueil-Malmaison
H*********,87ce7f3c3377a831,h*******@topsy.com,Agender,3153580755.64,Philippines,Alicia
K******,e206a7687dc6c059,k***********@seattletimes.com,Female,3203821766.01,Philippines,Odiong
E*****,69990213dcf2f513,e*********@google.com.hk,Male,9517772037.82,Philippines,Gibgos
C*********,7610ee2d33cae43a,c**********@hao123.com,Male,2623434402.61,China,Xiaoyue
G*****,be9dea2708a56d94,g*******@seesaa.net,Male,2585170019.76,Thailand,Khao Yoi
W*****,3f58c5576a151153,w********@icio.us,Male,7522224501.4,Brazil,Xique Xique
J****,6ce4ba8027dbda77,j*******@so-net.ne.jp,Female,9168505846.6,Croatia,Hrvatska Kostajnica
B*****,825e732728605792,b*******@ehow.com,Female,8002448553.58,Portugal,Ribafria
C****,8850a5bafb5644bc,c********@discuz.net,Male,3284888405.5,China,Fengchuan
T***,7064110f34121e9b,t********@reference.com,Male,1151567540.89,Colombia,Río de Oro
A*****,44427009b08a1e2e,a********@weather.com,Male,9821937053.97,France,Évry
H******,e0a8e59221c83ecd,h********@typepad.com,Non-binary,6371701776.26,Colombia,Pradera
T*****,937223b7a35b5737,t*******@ted.com,Female,4926969486.63,Sudan,Kutum
E****,62a2167c094d0784,e***********@icio.us,Female,9483115964.33,France,Massy
P*********,a0f546705c6a77e6,p**********@spiegel.de,Female,1384395343.51,Peru,Santa Cruz
A***,73646583cbdde1fb,a**********@macromedia.com,Female,1106498746.7,Czech Republic,Malonty
E***,6a0d699510119972,e*******@rediff.com,Polygender,1390381888.7,Russia,Smolenka
B****,6aea6bc52bd2cdf9,b*******@wordpress.com,Male,6776751536.8,Poland,Gryfino
D**,d5c59d0245e015d6,d***********@go.com,Agender,6111768193.73,Poland,Ścinawa
K***,3c3f769c5fb560b8,k*********@usnews.com,Bigender,1358194315.5,Czech Republic,Zlaté Hory
C*******,2e1daf17e8e67aee,c*******@weebly.com,Female,9004043851.08,Czech Republic,Kamenné Žehrovice
B*****,3f53871b0838bdf3,b********@goo.gl,Female,5027367955.42,Indonesia,Brongkah
D*****,815a03f74cee8831,d**************@cdbaby.com,Female,3387718206.9,South Africa,Mount Frere
G*****,2e71094636e8839e,g***********@desdev.cn,Male,2190846354.44,Russia,Okhotsk
L*******,eb970eb0951c6cde,l******@earthlink.net,Genderfluid,3097323931.64,Indonesia,Balong
H****,c4a00c51825c92d7,h**************@netvibes.com,Male,5219234509.49,China,Luxi
S****,75252fd9f50d01f3,s*********@dyndns.org,Polygender,5716909102.79,Philippines,Sambuluan
R**,3cdd5a3f91e9190d,r********@de.vu,Female,3359543626.95,Philippines,Santa Teresa
O***,0d839fd5cb80b65d,o**********@desdev.cn,Male,4245417341.11,United States,Salt Lake City
R****,78819bcdea550de7,r*********@washington.edu,Female,9334348424.45,Norway,Haugesund
A******,96f5363ae08135a5,a******@jugem.jp,Genderfluid,6287006030.09,Indonesia,Oganlima
R***,8981c5a08a188d40,r********@wix.com,Female,7810761157.29,United States,Minneapolis
H****,e4effd021e7ae1d3,h********@mashable.com,Male,8072536325.59,China,Hukeng
S*****,5b1c146e7cc0535d,s********@reuters.com,Non-binary,2943443699.95,New Zealand,Kelburn
D*****,696e93e747942468,d********@independent.co.uk,Genderqueer,3349929891.64,Czech Republic,Všenory
L*****,430db59c91b31244,l******@ow.ly,Male,9151814332.98,United Kingdom,Denton
E***,e28108a3a1e1be5b,e**********@geocities.jp,Female,1800972603.29,Bahamas,Lucaya
M****,75ad303ae534d482,m**********@scientificamerican.com,Female,8937997463.02,Argentina,Costa Sacate
G***,13ba2046e131a3fc,g********@fc2.com,Male,8799749295.32,Brazil,Pacaembu
D****,7b4ac2ee63b8fb8a,d*********@buzzfeed.com,Male,5190088440.58,Russia,Aleysk
C*******,eda113a9f92adeb7,c*********@posterous.com,Male,2079839382.32,Sweden,Mora
E******,8b97936189b0736b,e********@jimdo.com,Male,5292101610.58,United States,Santa Fe
D*****,9aa0f075b94a151b,d********@e-recht24.de,Female,10118254628.85,Serbia,Barajevo
L******,fabd4806ed94e5e4,l*********@army.mil,Male,5983631282.84,China,Sishilichengzi
D****,779276328f02a757,d**********@salon.com,Male,3130529301.58,China,Xilanqi
S****,9fbad520b59254f3,s*******@wix.com,Female,6458534421.66,China,Lukou
P*****,657ffb7a1058c6ab,p********@vkontakte.ru,Male,5479043881.44,Bulgaria,Chirpan
H******,bfde4df5534a5ce0,h*******@tamu.edu,Male,8107067374.16,Ukraine,Hulyaypole
A****,c8ce63979127b5b1,a***********@blogger.com,Male,3863750462.75,France,Vandœuvre-lès-Nancy
R*******,4bb60b0ef9a68fa2,r**********@netlog.com,Male,2556025293.75,Serbia,Bačka Palanka
C********,74585fffd087441c,c********@posterous.com,Male,2679481485.0,Sweden,Stocksund
I*****,e7e9a54ce0717697,i*******@dailymotion.com,Female,1306728798.14,China,Yuzhou
D****,a06522bc4aab38ee,d********@exblog.jp,Female,8257488435.54,United States,Lexington
I*****,95a5daf938970826,i**********@berkeley.edu,Male,7655868713.23,Albania,Frashër
G******,0d22fd63573fa40e,g***********@latimes.com,Male,1966578423.35,China,Lamawan
D**,16cce1c17e5d78fc,d*********@mit.edu,Male,4477929670.52,Philippines,Paraiso
B****,926a487ef322aec9,b***********@paginegialle.it,Male,1294302882.77,Ukraine,Chervonohryhorivka
A***,d96d14f5564eeb35,a******@paginegialle.it,Female,9412761325.53,China,Longhuashan
R****,0c9618e9849a62c6,r******@quantcast.com,Female,2154649229.36,Poland,Werbkowice
A*****,b7dae021fe5da431,a********@shutterfly.com,Female,5607733163.38,China,Weiyuan
J*******,829d9b947d218102,j*********@boston.com,Female,3704544082.68,Belarus,Horad Pinsk
J*****,8b854ade2cd01bdc,j*******@reference.com,Female,4740669916.25,Brazil,Guaratuba
C*****,0066ae86d74286f7,c*******@irs.gov,Female,4542147597.0,Croatia,Kašina
P****,41f3b4e6bf16755a,p***********@rediff.com,Female,6584425965.71,Indonesia,Pasar
T*******,f6042e5181bd733b,t**********@bizjournals.com,Male,8984138751.69,Afghanistan,Qal‘ah-ye Na‘īm
K*****,903925435344c7f2,k**********@ebay.com,Polygender,5784059329.95,Peru,Bajo Pichanaqui
C*******,8eaabaec91012bf3,c******@issuu.com,Female,2332735031.8,China,Hekou
R*****,e6870484bfceaaa1,r**********@princeton.edu,Female,7020275384.75,Norway,Oslo
J***,7428909a1062757c,j*********@storify.com,Female,5216624979.79,Tunisia,Al Wardānīn
K*******,922d091f4f06799d,k*********@shutterfly.com,Female,5024493446.76,China,Baliang
J*****,924f0a68289b4a9e,j***********@domainmarket.com,Female,3832457389.57,Yemen,Al Khawkhah
I****,a52cf00009eb4556,i*******@amazon.co.uk,Female,9414024306.96,El Salvador,Guazapa
L****,6fcf212ce7a6f8ac,l************@wired.com,Female,6635998596.02,Panama,Chigoré
T****,b5c4fbd99f26a1d6,t**********@cnbc.com,Polygender,6934520257.34,Philippines,Caigangan
D***,64be34a417fdc0a7,d*******@printfriendly.com,Male,5399945092.47,United States,Schenectady
A*******,5157f45d83c81fd3,a*****@ox.ac.uk,Female,6514770391.34,Philippines,Tapilon
E****,9774441c364c19ca,e********@marketwatch.com,Female,9523604932.49,Brazil,Osvaldo Cruz
T****,367d7c516230e2b8,t*********@yale.edu,Male,7536716569.44,Russia,Sosnovka
E*****,87afb3366ad2aab4,e******@cnet.com,Male,1322760459.46,Japan,Ōmamachō-ōmama
I****,979fd9a994fd4591,i*********@theguardian.com,Female,7200293606.13,China,Pingya
M******,71985ba4b8128bbf,m*********@freewebs.com,Male,3879868646.63,Paraguay,Isla Pucú
L*****,78999efe3bb72dcf,l********@nyu.edu,Female,6569527849.15,Indonesia,Pasirnangka
D**,5fd2b299c71192c4,d********@cisco.com,Male,1946910247.06,France,Bordeaux
R****,3e13715a02fbe15f,r*******@tuttocitta.it,Agender,2182300092.29,Cuba,Batabanó
D****,2ae57ad84585eb30,d**************@oracle.com,Female,3911678152.5,Indonesia,Ciseuseupan
L****,35e08de07df86a22,l***********@columbia.edu,Male,8201941976.87,Tanzania,Ifakara
L******,1bbd7f7e77591c88,l********@angelfire.com,Female,2758792332.16,Argentina,General La Madrid
F******,1dbe99d0e423f99a,f******@jugem.jp,Male,4512080677.4,Sweden,Västerås
D***,c1e04ba194aad2de,d********@deliciousdays.com,Female,5080672401.7,Brazil,Nova Petrópolis
O***,c318bbe50cfbfebf,o***********@squidoo.com,Female,5824283231.66,Philippines,Kinalaglagan
J*******,0792cbfbd0b5142b,j*************@msu.edu,Male,6565560228.69,Sweden,Bromma
J******,360911d37f3e9b8d,j********@sciencedaily.com,Female,9399718990.32,Honduras,Minas de Oro
I***,925cee1b4e722d64,i*********@e-recht24.de,Female,5520495688.65,Ukraine,Turka
V*****,e282970daab2c998,v********@qq.com,Female,6921338136.89,Japan,Sueyoshichō-ninokata
S*******,3bf219f5c8f76cdc,s**********@pcworld.com,Male,6821638375.58,Colombia,El Peñol
F****,8a20bab056ca0de6,f******@state.gov,Female,7888102867.17,Indonesia,Bonak
B***,76a74a11ec6b8fe1,b************@unicef.org,Male,7151252783.39,Ukraine,Kalyny
B*****,4f7955cd2ad54f52,b*********@vinaora.com,Female,1735957880.36,Poland,Nowy Sącz
I********,d07f4a1a3cc396e2,i*********@google.nl,Male,8699299054.84,Brazil,Patrocínio
E******,0655cec492ff5c3c,e******@webnode.com,Female,4874495475.11,Philippines,Sultan Kudarat
D*****,4301a156696ff961,d********@gmpg.org,Female,6357851767.11,Indonesia,Kletek
R**,b38be9889fee32e4,r**********@timesonline.co.uk,Male,1856904628.84,Mali,Sokolo
C*****,2a00151c180f903c,c********@ca.gov,Female,2017379288.26,Indonesia,Ciwaru
P*****,48a3626e6f52be17,p**********@wsj.com,Polygender,5369492497.04,China,Piaocao
C*****,5c473a2fc0be84d5,c*********@huffingtonpost.com,Female,6949853575.5,Indonesia,Gubukjero Timuk
C******,42818e9f0364dd6c,c********@forbes.com,Female,2360193386.81,China,Songkeng
F******,46c9096f9c015d3d,f************@prweb.com,Female,4483796922.83,China,Chuantang
H*****,939ede56a8b3d8dc,h**********@sbwire.com,Male,5679760460.68,Poland,Brody
H******,1687d586a77b446b,h*********@java.com,Male,1298446415.12,Finland,Pyhäselkä
H*****,c1d30b9a001c9fc5,h*********@mail.ru,Male,4426721418.6,Russia,Karabanovo
A****,f1f2c6765de9de62,a*******@bigcartel.com,Female,4729934251.99,China,Yangxi
K****,8f3013137c90b2ac,k*********@google.it,Female,9152340639.07,China,Qiaotou
A***,02df5daf97425994,a******@blogger.com,Polygender,1743534005.19,Peru,Huayana
S*******,a7efa300c4f2d3e9,s*********@statcounter.com,Male,8298631960.66,Poland,Karnice
M******,af3ff466169a3d34,m*********@canalblog.com,Female,4869398434.6,Portugal,Carromeu
H********,ad805064f688aa74,h*******@un.org,Male,2463389074.75,Brazil,Ariquemes
T*****,6b875e491f542c2a,t**********@dion.ne.jp,Male,7652060330.36,Colombia,Sincé
M****,0096801c2e70e341,m*********@smh.com.au,Male,9116150964.79,Nigeria,Katagum
B********,33dc5120e145ae77,b********@163.com,Female,3495674464.19,China,Taishang
M******,34908e09111b7dc7,m******@dedecms.com,Female,5671056234.33,Indonesia,Sarkanjut
L****,cfda1755ffb11565,l*******@dropbox.com,Female,8278984264.63,Greece,Kalpáki
H*****,68b515e1903e6d62,h******@yahoo.co.jp,Female,8022087398.46,Mexico,Santa Cecilia
S*****,891a898bd6279064,s**********@barnesandnoble.com,Male,1534709248.01,Syria,Al Qadmūs
R****,b66d044181a0e296,r******@nba.com,Male,5618694928.94,Indonesia,Reuleuet
S*****,17d9519541120480,s********@hao123.com,Female,7114112494.73,Philippines,San Isidro
E*********,ad2bd8dc5d81bb05,e******@sciencedaily.com,Female,5813782784.33,China,Duofudu
D******,5ad2ade60b7f5f42,d*********@liveinternet.ru,Female,8945674579.0,China,Leiguan
G***,9de12dbfb3b61bff,g*******@flickr.com,Male,5228633618.78,Armenia,Kotayk’
B**,c5817a2680f69afa,b********@prweb.com,Female,8106627075.66,Sweden,Umeå
B********,d4c11d4151dbb984,b************@ustream.tv,Male,9671800771.69,Indonesia,Leuwayang
A***,396e68aa2557d8d8,a********@yelp.com,Female,9116596260.35,China,Jianshan
C***,d8a81056f1f943a6,c************@illinois.edu,Female,4632104799.8,El Salvador,Chinameca
C****,f9742e0bc65d81ea,c***********@weather.com,Female,7916263580.91,Indonesia,Panji
C******,c971f76e84db9509,c*********@auda.org.au,Female,8717204181.36,Indonesia,Duwakkandung
S*****,b5ee487fdc697aab,s**********@si.edu,Female,6196555816.84,Iran,Fīrūzābād
A*****,7b079830450cacd2,a***********@businesswire.com,Female,3313005683.35,Honduras,Iralaya
E*,5c4f41476bae4655,e********@go.com,Male,1053232719.92,Philippines,Limbuhan
A*****,eaf0fe0a362b5849,a*********@bizjournals.com,Genderfluid,1563613643.27,Ukraine,Fastiv
B***,be89705532a42943,b**********@phoca.cz,Male,4906583776.43,Ukraine,Kobleve
K****,06c29b57a8ae048e,k***********@4shared.com,Male,2777658025.74,Afghanistan,Charikar
M*****,9526ac5b8f340d07,m***********@about.com,Female,3147865969.13,Malaysia,Kuala Terengganu
B***,9397e93156aa3710,b*********@elegantthemes.com,Female,7334438796.16,Ireland,Balally
I****,98b35625341a788e,i******@paginegialle.it,Female,6342425050.69,Saint Lucia,Soufrière
U**,c71559bdbcfd7f09,u******@upenn.edu,Female,5586742092.85,United States,Wilkes Barre
K*****,d1f2cb94fd4d5073,k********@google.ca,Female,4965148228.04,Portugal,Alqueva
L***,662347f60480f307,l*********@blogspot.com,Female,5357637275.01,Fiji,Nadi
A*,d6a133cf14cbe374,a**********@google.co.jp,Bigender,5143808112.61,Cuba,Habana del Este
L******,a4125bf8f47403b5,l*************@thetimes.co.uk,Female,2713013739.4,Indonesia,Konga
Y*****,f055db66e2095882,y*******@psu.edu,Male,6323224860.63,Argentina,Granadero Baigorria
I*****,df3c40dd0152a0bf,i***********@virginia.edu,Agender,3587278632.16,Lithuania,Rokiškis
W*******,f664377b28a82b62,w********@netvibes.com,Female,8717053520.12,South Korea,Munsan
C********,de3bcd0561236fa9,c******@census.gov,Agender,4579823876.74,Portugal,Amor
B***,f953f8fa65c46260,b********@barnesandnoble.com,Male,4454054448.12,Belarus,Lahoysk
P***,5b7c8bcb5b7a1803,p**********@fema.gov,Male,9306492599.16,Argentina,Puerto Eldorado
A******,be5bd9e5b17047f6,a***********@stumbleupon.com,Male,4217116102.64,Argentina,Bell Ville
K****,a576e0cb4895b263,k*********@newyorker.com,Male,1164138666.99,Serbia,Nakovo
B*****,2bce998e0726e151,b**********@alibaba.com,Female,9440158053.67,Mongolia,Uliastay
M****,0a56df8d8bc9faa8,m**********@geocities.com,Polygender,1833849218.09,Canada,Lloydminster
A****,1709a27f7752cc80,a*********@slideshare.net,Male,6319510360.71,Iran,Behbahān
G*********,e1d52fe18ade5b4a,g*********@businessweek.com,Female,1145727181.48,Slovenia,Solkan
E****,2d9e60be758d629d,e************@utexas.edu,Male,8592957836.95,Tanzania,Nungwi
P******,4ba8c7416db6a140,p********@un.org,Male,5196195375.86,France,Paris 12
K***,586f96efcf99ca9d,k**********@hubpages.com,Female,9711609104.68,Poland,Nowogard
T******,65284a84ccdff176,t*********@miibeian.gov.cn,Male,1465086928.31,Russia,Rzhev
A*****,a952c7a7550fe603,a********@fastcompany.com,Male,5117405842.59,Russia,Dalmatovo
M******,edbdb205cae75418,m*********@arstechnica.com,Female,10094515527.83,Saint Lucia,Soufrière
J******,c1674c5e1ab04f52,j******@example.com,Male,1310682085.27,Philippines,Buluangan
C**,6e64ef622faf29ca,c**********@fotki.com,Female,5041106320.7,Indonesia,Pangkalan Kasai
P*******,358281e509db03e8,p***********@jugem.jp,Male,3245109331.85,Kazakhstan,Bayanaūyl
M****,3b6cc23185667c5a,m*********@wikispaces.com,Male,6129650858.24,Peru,Laraos
E***,cac540c60a3a0ed2,e*******@ca.gov,Non-binary,8453606999.16,Russia,Shirochanka
F*******,622154041371427c,f**********@reference.com,Agender,8530281002.88,Czech Republic,Proboštov
G*******,5a2e2e14f272fcd1,g**********@prlog.org,Male,3876363776.44,Russia,Lakhdenpokh’ya
D******,07b07abeb211d7af,d********@biglobe.ne.jp,Male,7288300716.66,Argentina,Viale
F****,8e2c5eaf95993496,f**********@timesonline.co.uk,Male,6685751000.04,Russia,Nerekhta
K******,3b847f2a8ed05951,k******@ucoz.com,Female,9478173310.99,Greece,Rizó
H*****,537c3f94066e0c23,h*********@statcounter.com,Male,3364747187.78,Indonesia,Kawaliwu
P*****,d2e5e923803436b3,p*************@ycombinator.com,Female,4552509704.76,Latvia,Līgatne
V****,1d172f25d1df89e6,v*********@taobao.com,Female,3566333658.64,Indonesia,Sudo
R***,c9812f3c2da78d96,r*********@reddit.com,Female,5494524662.73,Dominican Republic,El Peñón
T****,e3fbe5d6a47a43e4,t*********@cnbc.com,Male,5820597901.22,Argentina,Azul
P********,da3ad0903f1045c4,p********@nyu.edu,Male,9037994804.03,Finland,Pertunmaa
S****,929f0b2aae7db6cd,s***********@ucla.edu,Genderfluid,1351738828.1,China,Qixian
A***,627760b8b0717183,a********@senate.gov,Female,7972197997.92,Indonesia,Ayotupas
K*****,09271ad09e8514d3,k************@slate.com,Female,1855337523.06,Indonesia,Sukamantri Satu
F****,d7b48dfbbc4f3e2d,f*********@vkontakte.ru,Male,7592400968.52,Canada,Sainte-Thérèse
K*****,f2d5bd8c08262271,k********@uiuc.edu,Male,8058619432.14,Netherlands,Leiden
Z***,123f6d4771fa5bd2,z*********@yandex.ru,Non-binary,4344607326.75,Russia,Dulyapino
J*****,a7473fcfa1e29b33,j************@istockphoto.com,Female,8606881852.39,Ukraine,Livadiya
G*****,177fd5da93d0c50e,g*************@rediff.com,Female,6865546884.77,Canada,Mont-Joli
A****,d60cee8d554f70d3,a*********@reverbnation.com,Female,3064303803.82,Syria,Khirbat Tīn Nūr
D******,5b30929d8d1ad418,d********@dropbox.com,Male,7788382926.66,Brazil,Gurupi
K**********,352dda12f9fe1a65,k*******@mtv.com,Male,2271453557.2,Portugal,Portela
C*****,00252e34c12afe58,c*********@bloglovin.com,Male,6639999273.52,Russia,Blagodarnyy
G********,c1f8c968ee1a76e4,g*******@live.com,Male,5611841974.08,Portugal,Pavia
A***,9a48daaa9b3f73a5,a******@redcross.org,Female,3663163946.94,Czech Republic,Horka nad Moravou
E****,7eeb6c9cb114fc0d,e********@house.gov,Female,10176297567.3,Palestinian Territory,Bayt ‘Awwā
J*****,583338262d372979,j********@buzzfeed.com,Male,7791483936.46,Brazil,Beberibe
M***,462d5fdd620035a6,m********@engadget.com,Male,6774510019.71,Germany,Berlin
B*****,b0bf2d2b4ced7081,b*******@typepad.com,Female,6654582123.64,Russia,Solntsevo
E***,313b3fa5003db3d7,e******@stumbleupon.com,Male,8322662840.47,Philippines,Cauayan
S****,6cb73e22a847645e,s*********@so-net.ne.jp,Bigender,4771630703.62,China,Bayan
M******,45d3e20e95c1af37,m********@answers.com,Agender,1329209924.81,Russia,Kusak
B****,c79a2e0ae5a95d97,b******@engadget.com,Female,5880195378.77,Greece,Asíni
J****,039b3caae5183969,j**********@simplemachines.org,Female,7165838252.08,Indonesia,Cantuk Kidul
E*****,c34ca4db77a1ebf8,e***********@abc.net.au,Male,7007187348.66,Indonesia,Jalanbaru
R***,03b4abe7c366fd14,r**********@seattletimes.com,Female,9851380034.42,Portugal,Monção
W*****,452d7278e62adf14,w*********@omniture.com,Male,5837159718.16,Uzbekistan,Tomdibuloq
D******,430db59c91b31244,d******@reverbnation.com,Female,4857959032.88,China,Tuxi
S*******,16af7be312e1840b,s***********@wix.com,Female,3423997732.26,Russia,Shatki
K*********,4b670eb07f318376,k*******@nasa.gov,Male,3014536594.65,Lithuania,Vievis
T********,264a50a9585adcbc,t*********@alibaba.com,Male,4494780031.82,Sweden,Stockholm
A******,883e786296711f73,a********@woothemes.com,Female,10134929349.25,France,Poitiers
B*****,7ed00cf4e69bf1cd,b******@delicious.com,Female,5409070960.16,Philippines,Pag-asa
C****,39f8a3d2fcd230ea,c***********@csmonitor.com,Female,8317677620.69,Yemen,Ḩadādah
K****,11d1ba12ae30ab6a,k**********@godaddy.com,Male,7437415503.66,Greece,Kítsi
M*****,d41121cdbdd760bd,m********@icq.com,Male,6219969817.2,China,Erdaobaihe
F****,4144ffe5a85db983,f*******@vistaprint.com,Male,9399001043.97,China,Nanshe
A****,38a930e0ddf3bd33,a********@51.la,Male,1943238792.23,France,Rennes
R****,7044a0620be96c80,r**********@devhub.com,Male,9891337036.76,China,Magutian
G******,3be5f7e2059e9623,g********@examiner.com,Male,6730517187.07,Indonesia,Kiuola
C****,11d1ba12ae30ab6a,c**********@wsj.com,Male,3718378421.37,Indonesia,Muting
W*********,97745ac99f8ed972,w*********@xrea.com,Female,5196024409.12,Philippines,Atimonan
E****,11cd84bdaa017512,e***********@sitemeter.com,Male,7796424211.97,China,Qianwei
S***,d1e63585a4de6b2d,s********@ucoz.com,Male,7565041806.5,Thailand,Phu Sang
A****,88088653ecd97e11,a*******@ezinearticles.com,Female,10089106970.76,United States,Dallas
D*****,22305a4d4a6f6891,d*******@guardian.co.uk,Female,1754325738.99,Portugal,Maganha
N*******,bed9c68e4ade52db,n************@drupal.org,Female,3238090048.79,Mexico,Buenavista
G**,d92e072073f0e409,g*********@sciencedirect.com,Male,6380927747.09,Philippines,Santa Teresita
S***,b45ee7f2a5bddfde,s********@bloglovin.com,Male,7197058871.34,China,Eman
E****,001e43c1bed5022c,e***********@nba.com,Male,5263093637.24,United States,Austin
G******,649426a7bd35ab2e,g*********@blogger.com,Agender,1267177879.82,Bulgaria,Aytos
G*****,369f1ff4b6af9b22,g*******@comcast.net,Male,8212362117.88,Thailand,Bang Pakong
C*****,a47032d776294634,c***********@wikipedia.org,Female,7624569191.61,Brazil,Simões Filho
B*****,3450df8cd1230323,b*******@tumblr.com,Genderfluid,7507624317.31,China,Liqiao
K******,07f98b4e0354d960,k*********@marketwatch.com,Female,2340433956.1,China,Futian
T*****,16bea71aed532a7e,t*********@amazonaws.com,Male,9694090254.0,Poland,Nowy Sącz
T*****,b008cba61177827b,t***********@themeforest.net,Female,4978547216.75,Philippines,Hernani
Z******,45d29089056a35b6,z*********@ebay.co.uk,Female,5895184113.49,China,Xinjiebu
C****,8a69a45410b60f86,c*******@shutterfly.com,Female,7301067966.94,France,Quetigny
S*******,59e45852f6017ebd,s************@sina.com.cn,Male,4402424936.08,Iran,Bāfq
S******,63025b5f3f27347c,s*********@bloglovin.com,Male,7079226260.36,China,Shuanghe
K*****,24d98cbf7c8e0c22,k**********@berkeley.edu,Female,5768311678.48,Burundi,Buganda
D****,69a3ddb585166c9b,d************@skyrock.com,Female,5887678428.94,China,Hengpi
M*****,cb4356d607fc4d96,m***********@google.de,Male,2038076340.99,France,Tournon-sur-Rhône
D******,8ffbd6b7bb40ba5f,d**********@merriam-webster.com,Female,1109298155.01,Morocco,Zaïo
T****,43a78357e2712b70,t*********@ovh.net,Male,2458929789.66,Croatia,Zagreb - Centar
N*******,d3c80277e5257f60,n*********@china.com.cn,Male,9747699088.98,Kazakhstan,Bayanaūyl
G********,a3b73c6bee0bcc5b,g*************@ovh.net,Female,3618660645.76,China,Jianggezhuang
C******,a462a19e512538c4,c*******@army.mil,Female,2076616806.19,Democratic Republic of the Congo,Bosobolo
I***,4e373ccbf505f524,i********@foxnews.com,Female,2362833001.82,Myanmar,Pyinmana
L*****,d89415eaaf666191,l**********@nytimes.com,Female,6884328777.67,Kenya,Keruguya
C*****,30b548ae3d228674,c*********@163.com,Female,4885907982.74,Vietnam,Thị Trấn Mù Cang Chải
C*******,6fef69fdcd001e3a,c***********@sfgate.com,Male,9376783918.01,Slovenia,Morje
G*******,9ea02c0764c1d929,g***********@hud.gov,Male,6967898033.9,United States,Santa Ana
B*****,91bebe9f4141e0b4,b*******@artisteer.com,Male,4368451227.1,China,Haimen
C*****,05716873160cd851,c******@state.gov,Female,6037098768.35,Indonesia,Nagarakembang
H*****,fe93e2e84df1acf7,h*******@reverbnation.com,Male,10190712154.6,United States,Saginaw
J****,7b84545412fc346d,j********@economist.com,Non-binary,6598280966.56,Micronesia,Palikir - National Government Center
W******,c17f2c51db56c232,w**********@ebay.co.uk,Male,4205974314.48,Philippines,Bantacan
C***,c5baea361985f11b,c*********@businessweek.com,Male,3542024347.75,South Africa,Carletonville
E****,4c77c8da1c9b7baa,e*******@myspace.com,Bigender,9954311096.5,Brazil,Prado
A******,f412301dd0d07284,a**********@harvard.edu,Female,9134738262.64,China,Hedong
B******,9fa0671c965152ed,b********@icq.com,Female,6889465818.8,United States,Colorado Springs
D**,aaf53692f9f06394,d***********@amazon.co.uk,Male,6455972031.23,China,Wuci
F****,97250644821e8a28,f**********@globo.com,Female,6166315838.4,Uganda,Lyantonde
L******,781ef77eef4cccaf,l*********@mapquest.com,Female,6673846152.76,France,Paris 19
A*******,57046be055a4a677,a*********@slate.com,Male,9609708197.35,Germany,Berlin
R****,fb6acd7420d0fede,r*******@nhs.uk,Genderfluid,1201785163.11,France,Arcachon
D*****,6cd5b744f9d92c61,d*************@shareasale.com,Male,6133778443.44,Saudi Arabia,Mizhirah
F*********,eec65d1d80ab92af,f********@slate.com,Female,2834640255.05,Slovenia,Lukovica pri Domžalah
C**,e9dc0af5cc8e126b,c***********@blogs.com,Female,1136060777.33,France,Montpellier
R******,d28713d33df7e048,r************@walmart.com,Male,3830802781.02,Ukraine,Tatarbunary
T*****,728c1e8955d80faf,t********@imdb.com,Female,2916656079.97,Indonesia,Sukoanyar
P***,5ea4e1164cb69403,p***********@addthis.com,Male,7684568971.43,United Kingdom,Hatton
A*****,1f69b84166e66ce0,a*********@qq.com,Male,8987665409.2,Sweden,Mölndal
E*******,1a4be68e424d84d0,e*********@mysql.com,Female,1175222530.98,Czech Republic,Veřovice
P****,fd9803f1c82b51a3,p******@mysql.com,Male,7047428399.03,Latvia,Ragana
L*******,aa56f4fa2523f232,l**********@sakura.ne.jp,Male,8222762638.23,United States,Lees Summit
S****,ef88ad168df74ad6,s**********@usa.gov,Female,9828971321.83,China,Dasha
H*****,f788b9bb766315f7,h************@reverbnation.com,Male,6423392844.45,Indonesia,Krajan Dermawuharjo
N*****,69294edc21b7651a,n*********@nsw.gov.au,Male,4028156062.1,Indonesia,Ndano
M******,703bc64d2d6dba8a,m**********@ca.gov,Agender,6824215763.84,Palestinian Territory,Bayt Maqdūm
H****,d0e2ac71237341fa,h***********@msu.edu,Male,9600367566.96,Indonesia,Sleman
A*****,8f7e5c6b6c011364,a*********@pinterest.com,Female,6774611702.58,Israel,Haifa
J*******,06c00b43d2a39f6c,j**********@symantec.com,Male,7345580721.78,Argentina,Hualfín
M*******,443801408ac360c9,m***********@seattletimes.com,Female,6902131362.25,Albania,Kastrat
C********,ed3441a206ee674b,c********@dyndns.org,Female,7981397461.42,Thailand,Ban Kruat
D*****,0a8999c84947edd6,d*********@privacy.gov.au,Male,7458228811.86,Czech Republic,Čeladná
D*****,6acf0728b52877f2,d********@ted.com,Agender,2566870254.85,China,Bayan Bulag
K******,e6ed2bb452f5aabe,k********@plala.or.jp,Male,5676997605.75,Philippines,San Quintin
R***,79da43c5d6a9c9bc,r*********@auda.org.au,Female,6712622926.41,Philippines,Sugcad
D***,a6f7dd67dce9b5ae,d*********@ucoz.com,Male,9926212603.12,Uzbekistan,Qozonketkan
S****,e2c37db78c498f6c,s*******@rambler.ru,Female,6719289734.63,Pakistan,Lodhrān
S*********,118c6a8496f6ace3,s*******@google.cn,Male,9486187318.47,Malaysia,Alor Setar
P*******,571b559a159e7d8e,p***********@state.tx.us,Male,4031321850.7,Kosovo,Partesh
S****,6ff74ffe74820f83,s*********@eepurl.com,Male,8959010209.6,Montserrat,Plymouth
C******,e8c4f75c28772a4c,c*******@auda.org.au,Male,1966064531.66,Sweden,Ludvika
A***,3f3d5eb2d4cf7910,a*******@dedecms.com,Female,3722901953.08,Ghana,Duayaw Nkwanta
C****,877e1d4de5731a4e,c********@vk.com,Female,3059671733.83,Colombia,El Carmen
J*****,8f145fd442202a29,j**********@artisteer.com,Male,4814770409.3,Russia,Mikhaylovsk
C*******,f9fe34ca536ae5f5,c*********@comcast.net,Female,1481879250.49,Portugal,Cavadas
H****,cb449eec1ed7105a,h********@java.com,Male,5592628497.14,Canada,Catalina
D****,391a7d0442be5599,d********@hao123.com,Male,1028721704.22,Ukraine,Izyum
M******,b86d11af79188e58,m******@diigo.com,Female,5584660012.24,China,Baiyin
D***,4b32f9461a37a35c,d*********@themeforest.net,Female,8404232049.84,Thailand,Tha Mai
W*****,9e9fcfd567868ba3,w**********@blogspot.com,Female,5605507041.53,Slovenia,Kamnica
L****,5cbde8e828043ef4,l**********@fda.gov,Female,1674965504.53,Poland,Kargowa
T***,b4bb6bf926049173,t*********@opensource.org,Male,1758520518.51,Colombia,Canalete
R****,f60832c442905cd1,r**********@wordpress.org,Female,9538456645.15,Iran,Shiraz
P*******,e6b3622ec4c69f31,p********@issuu.com,Female,2168464622.17,Greece,Ierápetra
M*****,019855b1a8617092,m*********@g.co,Male,9278409023.71,China,Nanyuan
R*****,b34ae0a75c3171b7,r**********@weebly.com,Male,8984589703.65,Russia,Uchkulan
A******,448f17a8627d32d2,a*********@google.it,Female,8605429324.69,Russia,Mel’nikovo
A*****,ec7e653ed8dbe43d,a**********@webmd.com,Female,7877891468.29,Sweden,Stockholm
L******,6fc3ae2b2722fb55,l*********@webmd.com,Male,8956828808.82,United States,Raleigh
N***,8fd7402d34605463,n********@who.int,Female,4648192980.82,Peru,San Antonio
R******,9dadef76e499bc39,r*********@bloglines.com,Male,6753884233.9,Greece,Kanáli
S*****,b91df240430a0c84,s********@elpais.com,Female,4264704883.26,Brazil,Cabo
J*******,722ef4085a4b9707,j*********@miitbeian.gov.cn,Female,4205593447.15,China,Xumai
A****,df26acc6c296b11c,a*********@toplist.cz,Male,5594660478.42,Indonesia,Krajan Dua Dawuan Wetan
D******,e4bb9f1ece9af926,d*******@foxnews.com,Male,5258099639.12,Russia,Zyuzino
C*****,40dc015e8bd68558,c*******@abc.net.au,Female,9336450199.94,Czech Republic,Líbeznice
V*******,64b769bcaf8f5574,v*******@networksolutions.com,Male,8524346876.83,Ecuador,Montalvo
A*********,688fec563582895c,a*********@businessinsider.com,Male,5613328888.4,Brazil,Novo Hamburgo
D**,c9afad85f5f3d062,d********@aol.com,Polygender,10237945135.3,Indonesia,Banjar Tiga
P********,cff15d0b162b33aa,p**********@artisteer.com,Female,7151442192.52,Angola,Menongue
R*****,83c729b05847d8ba,r*******@state.tx.us,Female,8720568080.45,Poland,Złotniki
T******,fef9dcd64817f95c,t*********@dagondesign.com,Male,2881277047.43,Japan,Iyo
A*******,415d7b2d7ff365ff,a********@tumblr.com,Female,1934894834.77,Brazil,Corupá
A******,0e4ce074c2bc5dc2,a*********@baidu.com,Male,2392625033.17,China,Kuaidamao
L***,4d7f0141bf9e8b1f,l*********@ehow.com,Male,5968661465.2,Colombia,Quípama
P*****,58522f00339abb21,p************@dot.gov,Male,4057930168.33,Indonesia,Nanggorak
W******,eac566165cd0df1e,w**********@springer.com,Male,9485572531.25,Argentina,Cipolletti
L******,a5b9a8b7c599b6aa,l*********@biglobe.ne.jp,Male,7059188540.51,China,Oula Xiuma
D****,aece903b1e00258b,d**********@list-manage.com,Male,2113264074.91,United States,Seattle
J******,7803649ae00ddd3d,j*********@freewebs.com,Female,8973785525.59,China,Anhua
O*****,b109745545daab16,o******@hubpages.com,Female,4609987103.52,Russia,Ust’-Dzheguta
W******,0998e0c62fd06112,w*********@google.com.br,Male,5720830154.54,Russia,Chechen-Aul
F******,25acf0c5a302cbad,f************@boston.com,Male,4384933921.48,Indonesia,Singosari
A***,7ddd71670af91768,a************@xing.com,Male,1336564263.17,Philippines,San Esteban
M******,0347298cdf1d657e,m*********@newsvine.com,Female,8188650543.04,Ukraine,Mizhhir’ya
M*****,4c60857a1665a1b1,m*********@e-recht24.de,Female,1184286426.49,Philippines,Bongao
H*****,f76e65ed479dec76,h*********@linkedin.com,Male,4576199375.76,Guatemala,San Pedro Pinula
F*****,f07d382587e64d54,f**********@blogtalkradio.com,Female,1574539952.97,Saudi Arabia,‘Afīf
D*******,2b93657395bac6f9,d**********@fc2.com,Female,8123048012.53,Russia,Trudovoye
S****,02e78db22d1c2215,s*******@livejournal.com,Male,10171970536.27,China,Yangmingbu
R******,c9a973156a279a5b,r**********@eventbrite.com,Male,9746589970.66,United Kingdom,Liverpool
L*****,3c22b26b2603904d,l**********@jiathis.com,Female,1856650591.33,Indonesia,Mandeman Daya
C*****,71afcc22fff5ef6e,c**********@bloglines.com,Male,6565779001.44,Greece,Elassóna
E*****,ebdabd70920dd0b7,e********@ehow.com,Male,2564877045.77,France,Rueil-Malmaison
T******,fd3ae0831f2e86e2,t***********@amazon.co.uk,Male,2773837486.65,Colombia,Cereté
L****,7080103516740f21,l**********@reverbnation.com,Polygender,8909853620.57,China,Bieligutai
T*****,5a79a57b209bff93,t**********@joomla.org,Male,1880032791.21,Russia,Yelizavetino
L****,6b7e00a15a148ee8,l******@ycombinator.com,Male,4906298709.74,Colombia,Buenaventura
D*****,b92e23a67fe7da17,d*******@photobucket.com,Female,8344219487.21,Sierra Leone,Tintafor
M*****,c17e0c0de11a94a1,m***********@t.co,Male,1800160237.66,China,Hedong
C******,ecdc1b6cb6ed3635,c**********@businesswire.com,Male,8158305762.17,Czech Republic,Trnava
E*****,40bd535f434bcf67,e*********@webmd.com,Female,5603676986.38,Canada,Hudson
J*******,2618b875f3b0c039,j*********@google.fr,Female,3659761704.68,Philippines,Tayug
M******,84b856e7844745d6,m*********@ca.gov,Female,1103934660.09,Czech Republic,Peruc
P**,9bb31a2638cedd51,p***********@forbes.com,Female,5936951311.49,Belarus,Pyetrykaw
M****,b2b402a62a017d5a,m********@unblog.fr,Male,8772469727.37,Thailand,Songkhla
A*******,0aa7a615e73095e3,a*********@oakley.com,Female,9842843206.2,Somalia,Hargeysa
C*****,5df72ef733d85a78,c***********@tuttocitta.it,Female,6555022192.86,Russia,Sovetskaya Gavan’
M***,5a3e532dfd288eba,m********@java.com,Male,8938181278.3,Japan,Izumo
M*******,30c3c99b3c6538e7,m*********@discuz.net,Female,6138717361.18,United States,Pasadena
W*****,1bdf0cf9503cb59a,w*********@dmoz.org,Male,1008234901.29,Brazil,Humaitá
A***,20a5f6e0cdf37c62,a******@who.int,Female,1712340637.15,Philippines,Talavera
M*******,93fe3ea508bf7817,m*******@cisco.com,Female,1095475242.77,China,Dagang
N******,81b4f14488134938,n*******@blog.com,Female,6054402282.97,Russia,Usukhchay
G******,64deff0ca4237228,g***********@cnbc.com,Female,9169239754.64,Argentina,Cipolletti
A******,715b1458abbee52e,a*********@spiegel.de,Male,3985981768.44,Poland,Miętne
K*******,e2351b3f850cfa15,k************@netlog.com,Female,7808073296.01,Indonesia,Poteran
E*****,d52da693cb8b4796,e*********@dyndns.org,Male,1701928135.68,Philippines,San Vicente
L*****,79cb79153c08657e,l********@java.com,Male,1758137957.87,China,Jianyangping
M****,b572b18d2bf62ed6,m*******@live.com,Female,1757242076.87,Indonesia,Panyindangan
J****,48d9401ae87bd4b1,j********@washingtonpost.com,Male,7365184373.39,Yemen,Al Ḩazm
C******,b10ae54cb958549f,c*********@multiply.com,Female,5777404136.25,China,Ziketan
A*******,9c99d6529009ac71,a*************@alibaba.com,Female,6369657661.76,China,Libao
I******,84fa41144976b8b1,i*********@google.com.au,Bigender,3794085829.22,Peru,Samanco
S*****,bc4f45041e9cf44a,s************@yolasite.com,Male,3586289466.09,Bolivia,San Julian
T****,5077e585ad78108f,t********@spiegel.de,Female,2919347547.57,Thailand,Nakhon Luang
D******,8fa715bfbefc6639,d*******@ox.ac.uk,Female,1118278982.13,Guatemala,Santa Ana
M*******,c199eb69285bfe55,m*********@ycombinator.com,Female,2026083784.51,Norway,Oslo
T*****,5ccf91569e2dd46a,t*********@opensource.org,Female,5799031543.7,Malaysia,Kota Kinabalu
T******,8f45f86b0f198d1c,t**********@reference.com,Male,1947893229.08,Ireland,Greenhills
W****,65791b8fed190bed,w*******@cornell.edu,Male,8687850186.16,Russia,Pushkino
N*****,cf69b0420e351964,n*********@tamu.edu,Male,3886603693.61,Argentina,Villa Mercedes
S******,f89e43fdeec15c73,s*********@twitter.com,Male,2953844256.96,Thailand,Fao Rai
A****,936d7ad47212c5f6,a********@umn.edu,Male,3423401471.51,China,Lanyi
D****,fc8286921280058f,d*******@issuu.com,Male,9402896653.33,Canada,Petrolia
T***,b4dbef315fd66696,t*********@ycombinator.com,Bigender,7965283428.79,China,Kongkeshu
A*****,f28d46ab939897d7,a***********@studiopress.com,Non-binary,10152402476.04,Indonesia,Rukem
K*****,fc0916f0c7bd96ef,k**********@cloudflare.com,Male,3248021062.14,Morocco,Tiztoutine
P**,8f33a2ea73e1aeac,p********@ted.com,Female,6435941072.69,Colombia,Mahates
L***,ea5847c813952b4c,l*********@gmpg.org,Female,5268450875.33,Brazil,Carazinho
C*****,64f3cd066a1d864f,c*****@constantcontact.com,Male,5397624804.75,Philippines,Barotac Nuevo
A********,8ae3b0c5bed7f96c,a**********@eventbrite.com,Male,2728501438.87,Ivory Coast,Abengourou
L*****,e0b7698ee8b5820c,l***********@feedburner.com,Female,9893279482.72,Brazil,Paracuru
R***,3e43fd155a7cb459,r********@blinklist.com,Female,10013135373.86,China,Lianyi
D******,c8fd7d8f102c3e4e,d********@merriam-webster.com,Female,7854446072.29,Poland,Frydek
B******,cb894569c66755ca,b********@soup.io,Male,8233165572.48,Brazil,Limeira
A******,1532b65bddc868d2,a************@vk.com,Female,4332863485.51,Armenia,Ararat
D*****,0a73656279430de6,d********@1und1.de,Male,8326197123.42,Venezuela,Upata
B****,67372382ec344baf,b***********@dot.gov,Male,7039771357.66,Brazil,Gravataí
E****,a76bfe081528db91,e*********@cmu.edu,Male,1584733823.51,Portugal,Pereira
Z****,75068bdd700807ef,z*********@un.org,Male,5628822345.26,China,Meilong
D***,b628e38a587f92e5,d********@com.com,Female,7059742180.17,China,Xiagong
E****,aee53e6b2c963a59,e***********@icq.com,Female,1806698717.57,Cuba,Aguada de Pasajeros
B****,f62684a17d6f9adb,b********@addtoany.com,Female,3538699073.53,Indonesia,Sukaraja
C*******,caaca59ce0b28f37,c*******@cornell.edu,Female,4402759452.67,China,Shuangxing
E******,236334389db9005b,e**********@springer.com,Agender,4100751737.2,Cuba,Nueva Gerona
P****,e817dd85bedb121f,p**********@ehow.com,Male,5194534170.26,Portugal,Azueira
B**,f1562c2c33e6fc18,b********@tamu.edu,Female,3351447527.14,Czech Republic,Višňova
D*****,40c039cdfa43c392,d***********@admin.ch,Genderfluid,8172109812.97,United States,Salt Lake City
W***,43587e2626b3db83,w********@4shared.com,Genderfluid,3618268843.78,China,Langxi
D*****,cd66287cd40fb7da,d*********@tumblr.com,Male,8230289791.4,Argentina,Macachín
N*****,fb5cb7a559b2a8a3,n*********@youtube.com,Female,10157935518.97,Brazil,São Raimundo Nonato
G*****,f9d5dec5c3d05332,g*********@exblog.jp,Female,1131425583.2,South Africa,Vredendal
W***,3b0fa60a9e5bfe4b,w***********@a8.net,Female,3153500773.12,Kyrgyzstan,Kara-Balta
